title,title_pretty,genre,is_whole,acts_1_density,acts_1_diameter,acts_1_average_clustering,acts_1-2_density,acts_1-2_diameter,acts_1-2_average_clustering,acts_1-2-3_density,acts_1-2-3_diameter,acts_1-2-3_average_clustering,acts_1-2-3-4_density,acts_1-2-3-4_diameter,acts_1-2-3-4_average_clustering,acts_1-2-3-4-5_density,acts_1-2-3-4-5_diameter,acts_1-2-3-4-5_average_clustering
abeille-argelie,"Argélie, Reine de Thessalie",Tragedy,True,0.9,2,0.9,0.6666666666666666,2,0.8476190476190476,0.5357142857142857,3,0.6916666666666667,0.5714285714285714,3,0.7041666666666666,0.6071428571428571,2,0.8220238095238095
abeille-coriolan,Coriolan,Tragedy,True,0.5,2,0.0,0.4666666666666667,3,0.4166666666666667,0.6,3,0.6388888888888888,0.6666666666666666,2,0.8055555555555555,0.8,2,0.8444444444444444
abeille-lyncee,Lyncée,Tragedy,True,0.5,2,0.0,0.4,3,0.3888888888888889,0.4666666666666667,3,0.4166666666666667,0.47619047619047616,3,0.3904761904761905,0.6190476190476191,2,0.6952380952380952
arnault-lucrece,Lucrèce,Tragedy,True,0.5,3,0.0,0.32142857142857145,5,0.375,0.4642857142857143,3,0.5,0.4642857142857143,3,0.5,0.5512820512820513,3,0.7371794871794872
aubignac-pucelle-prose,La Pucelle d'Orléans,Tragedy,True,0.47619047619047616,3,0.5095238095238095,0.25757575757575757,3,0.5888888888888889,0.4696969696969697,4,0.5907407407407407,0.5,3,0.6857475857475858,0.5641025641025641,3,0.713924963924964
aubignac-pucelle,La Pucelle d'Orléans,Tragedy,True,0.47619047619047616,3,0.5095238095238095,0.25757575757575757,3,0.5888888888888889,0.4696969696969697,4,0.5907407407407407,0.5142857142857142,3,0.7245391645391646,0.5619047619047619,3,0.7318622118622119
auger-mort-de-caton,La Mort de Caton,Tragedy,True,0.38095238095238093,3,0.6428571428571429,0.35714285714285715,3,0.6916666666666667,0.37777777777777777,3,0.8400000000000001,0.34545454545454546,4,0.7939393939393938,0.358974358974359,3,0.819047619047619
barbier-mort-de-cesar,La Mort de César,Tragedy,True,0.2857142857142857,5,0.0,0.25,5,0.09259259259259259,0.3055555555555556,4,0.2185185185185185,0.3111111111111111,4,0.4333333333333333,0.3333333333333333,4,0.47333333333333333
baro-saint-eustache,Saint Eustache Martyr,Tragedy,True,0.7857142857142857,2,0.8928571428571429,0.4358974358974359,4,0.8271062271062272,0.4095238095238095,3,0.7483068783068784,0.32748538011695905,3,0.7608011871169765,0.319047619047619,3,0.7755668934240363
benserade-cleopatre,Cléopâtre,Tragedy,True,0.5333333333333333,3,0.7777777777777778,0.42857142857142855,2,0.65,0.3611111111111111,3,0.5222222222222223,0.32727272727272727,4,0.603030303030303,0.38181818181818183,4,0.5268398268398268
benserade-mort-achille,La Mort d'Achille et la Dispute de ses Armes,Tragedy,True,0.8,2,0.9,0.7142857142857143,2,0.8428571428571429,0.5277777777777778,2,0.8658730158730159,0.4909090909090909,3,0.7434343434343433,0.4393939393939394,3,0.737037037037037
bernard-brutus,Brutus,Tragedy,True,0.2857142857142857,3,0.4583333333333333,0.23636363636363636,4,0.25757575757575757,0.2545454545454545,4,0.3,0.32727272727272727,4,0.3242424242424242,0.3181818181818182,4,0.44166666666666665
bernard-laodamie,"Laodamie, Reine D'Epire.",Tragedy,True,0.3333333333333333,3,0.0,0.2857142857142857,3,0.08333333333333333,0.32142857142857145,3,0.23333333333333334,0.39285714285714285,3,0.4125,0.5,3,0.6583333333333333
bievre-seducteur,Le Séducteur,Comedy,True,0.6071428571428571,2,0.6845238095238095,0.6111111111111112,2,0.7518518518518519,0.6388888888888888,2,0.7537037037037037,0.6666666666666666,2,0.7703703703703704,0.8055555555555556,2,0.8611111111111112
blanc-druides,Les Druides,Tragedy,True,0.5333333333333333,2,0.6055555555555555,0.6190476190476191,2,0.7952380952380952,0.6666666666666666,2,0.819047619047619,0.7142857142857143,2,0.819047619047619,0.8095238095238095,2,0.8714285714285713
bohaire-jesus-christ,Jésus-Christ,Tragedy,True,0.2222222222222222,5,0.13333333333333333,0.1978021978021978,5,0.188265306122449,0.1830065359477124,4,0.39280904280904283,0.16842105263157894,4,0.3888888888888889,0.1523809523809524,4,0.37037037037037035
bohaire-siege-de-paris,Le Siège de Paris,Tragedy,True,0.3333333333333333,2,0.0,0.2,2,0.0,0.1388888888888889,2,0.0,0.20512820512820512,2,0.39743589743589747,0.18681318681318682,2,0.36904761904761907
boissy-comte-de-neuilly,Le Comte de Neuilly,Comedy,True,0.6666666666666666,2,0.0,0.3333333333333333,4,0.0,0.4666666666666667,3,0.3611111111111111,0.6,3,0.7222222222222222,0.7333333333333333,2,0.8222222222222223
boissy-dehors-trompeurs,Les Dehors Trompeurs,Comedy,True,0.7,2,0.7666666666666666,0.4642857142857143,3,0.5583333333333333,0.5357142857142857,3,0.6833333333333333,0.5277777777777778,3,0.6275132275132276,0.6111111111111112,3,0.6814814814814815
boissy-homme-du-jour,L'Homme du Jour,Comedy,True,0.7,2,0.7666666666666666,0.4642857142857143,3,0.5583333333333333,0.5357142857142857,3,0.6833333333333333,0.5277777777777778,3,0.6275132275132276,0.6111111111111112,3,0.6814814814814815
boissy-medecin-par-occasion,Le Médecin par Occasion,Comedy,True,0.8333333333333334,2,0.8333333333333333,0.9,2,0.9,0.8095238095238095,2,0.8666666666666666,0.9523809523809523,2,0.9523809523809524,0.9523809523809523,2,0.9523809523809524
boursault-comedie-sans-titre,La Comédie sans Titre,Comedy,True,0.5,2,0.4333333333333333,0.3333333333333333,2,0.65,0.2948717948717949,2,0.5794871794871794,0.20588235294117646,3,0.5380952380952381,0.19523809523809524,3,0.6301865775549986
boursault-deux-freres-gemeaux,Les Deux Frères Gémeaux,Comedy,True,0.6666666666666666,2,0.819047619047619,0.6428571428571429,2,0.780952380952381,0.5818181818181818,3,0.6772005772005772,0.6727272727272727,3,0.7612554112554112,0.7454545454545455,3,0.8383838383838385
boursault-esope,Esope à la Cour,Comedy,False,0.2222222222222222,3,0.23333333333333334,0.35555555555555557,2,0.6194444444444445,0.2564102564102564,3,0.5958041958041957,0.20952380952380953,3,0.5135042735042735,0.25,2,0.5663690476190476
boursault-germanicus,Germanicus,Tragedy,True,0.5,2,0.4333333333333333,0.47619047619047616,2,0.6333333333333334,0.5714285714285714,2,0.7714285714285715,0.5714285714285714,2,0.7714285714285715,0.6666666666666666,2,0.7952380952380952
boursault-marie-stuard,Marie Stuard,Tragedy,True,0.4,3,0.0,0.4642857142857143,3,0.5666666666666667,0.5,3,0.6625,0.5357142857142857,3,0.7583333333333333,0.5,3,0.6888888888888889
boyera-caton,Caton,Tragedy,True,0.2857142857142857,6,0.0,0.37777777777777777,5,0.4766666666666667,0.28205128205128205,4,0.4504273504273504,0.358974358974359,3,0.7363858363858363,0.38461538461538464,3,0.6975579975579975
boyer-agamemnon,Agamemnon,Tragedy,True,0.4,3,0.0,0.25,5,0.16666666666666666,0.3055555555555556,4,0.25555555555555554,0.3333333333333333,3,0.3111111111111111,0.3888888888888889,3,0.45185185185185184
boyer-amours-jupiter-semele,Les Amours de Jupiter et de Sémélé,Tragedy,False,0.3611111111111111,3,0.6888888888888889,0.25757575757575757,4,0.5333333333333333,0.22857142857142856,3,0.592929292929293,0.22794117647058823,3,0.6148459383753502,0.2222222222222222,3,0.6220967304300637
boyer-aristodeme,Aristodème,Tragedy,True,0.8,2,0.8666666666666666,0.7142857142857143,2,0.8571428571428571,0.5714285714285714,3,0.7,0.6111111111111112,3,0.7407407407407408,0.6666666666666666,3,0.7793650793650794
boyer-artaxerce,Artaxerce,Tragedy,True,0.4,4,0.0,0.2857142857142857,5,0.0,0.39285714285714285,3,0.3,0.3333333333333333,4,0.2296296296296296,0.3888888888888889,4,0.37777777777777777
boyer-clotilde,Clotilde,Tragedy,True,0.2857142857142857,4,0.0,0.42857142857142855,3,0.6619047619047619,0.5238095238095238,2,0.7714285714285715,0.6666666666666666,2,0.7952380952380952,0.6428571428571429,2,0.7821428571428571
boyer-jeune-marius,Le Jeune Marius,Tragedy,True,0.5,3,0.4666666666666667,0.5333333333333333,2,0.8277777777777778,0.3888888888888889,3,0.7058201058201058,0.4444444444444444,2,0.753968253968254,0.4444444444444444,2,0.753968253968254
boyer-judith,Judith,Tragedy,True,0.6666666666666666,2,0.5833333333333334,0.6,3,0.611111111111111,0.2909090909090909,4,0.37575757575757573,0.3090909090909091,4,0.4636363636363636,0.4,3,0.6324675324675325
boyer-mort-enfants-brute,La Mort des Enfants de Brute,Tragedy,True,1.0,1,1.0,0.8,2,0.8666666666666666,1.0,1,1.0,0.6111111111111112,3,0.8121693121693121,0.6666666666666666,2,0.7964285714285715
boyer-oropaste,Oropaste ou Le Faux Tonaxare,Tragedy,True,0.8095238095238095,2,0.8857142857142858,0.6111111111111112,3,0.8063492063492064,0.6666666666666666,2,0.8264550264550264,0.7222222222222222,2,0.8391534391534391,0.6444444444444445,2,0.8376984126984126
boyer-porcie-romaine,La Porcie Romaine,Tragedy,True,0.5,2,0.0,0.5,3,0.3333333333333333,0.5333333333333333,3,0.5555555555555555,0.6,2,0.5555555555555555,0.3888888888888889,4,0.4592592592592592
boyer-porus,Porus,Tragedy,True,0.47619047619047616,3,0.5,0.5555555555555556,3,0.6714285714285714,0.6388888888888888,2,0.6928571428571428,0.7777777777777778,2,0.7650793650793651,0.7555555555555555,2,0.8265873015873015
boyer-tiridate,Tyridate,Tragedy,True,0.4,3,0.0,0.5277777777777778,4,0.6518518518518518,0.5833333333333334,3,0.5925925925925926,0.5833333333333334,3,0.5925925925925926,0.7777777777777778,2,0.8174603174603176
brosse-aveugle-clairvoyant,L'Aveugle Clairvoyant,Comedy,True,0.4,3,0.25,0.7142857142857143,2,0.8857142857142858,0.5714285714285714,3,0.7125,0.5714285714285714,3,0.7125,0.6428571428571429,3,0.725
brosse-turne,Le Turne de Virgile,Tragedy,True,1.0,1,1.0,0.8,2,0.9,0.5714285714285714,3,0.675,0.5,3,0.6555555555555556,0.6111111111111112,3,0.7407407407407408
cailhava-egoisme,L'Egoïsme,Comedy,True,0.4,4,0.0,0.37777777777777777,4,0.6033333333333333,0.4666666666666667,4,0.55,0.5777777777777777,2,0.6735714285714286,0.6909090909090909,3,0.7651515151515151
caminade-chatenay-alcidiade,Alcibiade,Tragedy,False,0.4666666666666667,3,0.611111111111111,0.5714285714285714,2,0.7952380952380952,0.4166666666666667,2,0.8240740740740741,0.5555555555555556,2,0.7957671957671958,0.8055555555555556,2,0.8693121693121693
campistron-adrien,Adrien,Tragedy,True,0.5,2,0.0,0.5333333333333333,2,0.6055555555555555,0.42857142857142855,2,0.5047619047619047,0.6666666666666666,2,0.6666666666666667,0.6666666666666666,2,0.6666666666666667
campistron-alcibiade,Alcibiade,Tragedy,True,0.6666666666666666,2,0.5833333333333334,0.2777777777777778,4,0.37407407407407406,0.3333333333333333,4,0.37407407407407406,0.3888888888888889,3,0.4444444444444444,0.4444444444444444,3,0.48148148148148145
campistron-andronic,Andronic,Tragedy,True,0.25,2,0.2708333333333333,0.2545454545454545,4,0.37878787878787884,0.2545454545454545,4,0.37878787878787884,0.21794871794871795,4,0.2620879120879121,0.24358974358974358,4,0.365018315018315
campistron-arminiusc,Arminius,Tragedy,True,0.26666666666666666,3,0.0,0.38095238095238093,3,0.42857142857142855,0.4444444444444444,2,0.49259259259259264,0.5111111111111111,3,0.6352380952380952,0.6,3,0.7764285714285715
campistron-juba,"Juba, Roi de Mauritanie",Tragedy,True,0.5,3,0.0,0.5,3,0.0,0.5333333333333333,2,0.4444444444444444,0.5333333333333333,2,0.4444444444444444,0.5238095238095238,3,0.7333333333333333
campistron-phocion,Phocion,Tragedy,True,0.4,3,0.0,0.4,3,0.3611111111111111,0.4642857142857143,2,0.6607142857142857,0.5357142857142857,2,0.7226190476190476,0.4444444444444444,3,0.6164021164021164
campistron-pompeia,Pompeia,Tragedy,True,0.2,2,0.0,0.2857142857142857,3,0.4375,0.3055555555555556,3,0.4703703703703704,0.3333333333333333,4,0.4619047619047619,0.4,4,0.5995670995670995
campistron-tiridate,Tiridate,Tragedy,True,0.4666666666666667,3,0.27777777777777773,0.2777777777777778,4,0.09259259259259259,0.28888888888888886,4,0.2033333333333333,0.35555555555555557,4,0.5166666666666666,0.5111111111111111,4,0.6333333333333333
campistron-virginie,Virginie,Tragedy,True,0.4,4,0.3888888888888889,0.32142857142857145,4,0.4375,0.3888888888888889,3,0.5444444444444445,0.4166666666666667,3,0.5444444444444445,0.4666666666666667,3,0.6816666666666666
carrion-nizas-pierre-le-grand,Pierre le Grand,Tragedy,True,1.0,1,1.0,0.6190476190476191,2,0.9238095238095239,0.6428571428571429,2,0.8488095238095238,0.5555555555555556,2,0.815952380952381,0.6222222222222222,2,0.7918253968253969
de-caux-marius,Marius,Tragedy,True,0.5,3,0.0,0.2777777777777778,4,0.2074074074074074,0.3333333333333333,4,0.2296296296296296,0.3333333333333333,4,0.2296296296296296,0.4166666666666667,3,0.5666666666666667
chabanon-eudoxie,Eudoxie,Tragedy,True,0.5,2,0.0,0.4666666666666667,2,0.4777777777777778,0.3055555555555556,3,0.3862433862433863,0.3333333333333333,3,0.3915343915343915,0.3333333333333333,3,0.3915343915343915
chabanon-faux-noble,Le Faux Noble,Comedy,True,0.2,3,0.21666666666666665,0.2761904761904762,3,0.5422751322751324,0.275,3,0.5241838023088023,0.30833333333333335,3,0.5803932178932178,0.3416666666666667,3,0.6395802114552115
chamfort-mustapha-zeangir,Mustapha et Zéangir,Tragedy,True,0.4,4,0.0,0.42857142857142855,4,0.42857142857142855,0.4166666666666667,4,0.5296296296296297,0.4722222222222222,4,0.5888888888888889,0.4722222222222222,4,0.5888888888888889
champrepus-ulysse,Ulysse,Tragedy,True,0.7,2,0.7,0.42857142857142855,3,0.4714285714285714,0.3111111111111111,4,0.5523809523809524,0.2727272727272727,4,0.5021645021645021,0.2727272727272727,3,0.5717592592592592
chevalier-pedagogue-amoureux,Le Pédagogue Amoureux,Comedy,True,0.16666666666666666,2,0.2592592592592593,0.37777777777777777,2,0.4633333333333334,0.4090909090909091,4,0.6428571428571429,0.4090909090909091,4,0.6428571428571429,0.6538461538461539,3,0.8204240204240205
chevreau-avocat-dupe,L'Avocat Dupé,Comedy,True,0.4,1,0.6,0.2777777777777778,4,0.4444444444444444,0.3888888888888889,3,0.7111111111111111,0.4722222222222222,3,0.6666666666666666,0.5833333333333334,3,0.8380952380952381
chevreau-coriolan,Coriolan,Tragedy,True,0.4,3,0.3611111111111111,0.3055555555555556,3,0.5259259259259259,0.3888888888888889,3,0.8185185185185184,0.4166666666666667,3,0.6888888888888889,0.23809523809523808,4,0.706031746031746
chevreau-la-lucrece-romaine,La Lucrèce Romaine,Tragedy,True,0.5,3,0.3333333333333333,0.39285714285714285,3,0.5833333333333334,0.3333333333333333,4,0.4966666666666667,0.2909090909090909,4,0.4393939393939394,0.43636363636363634,4,0.5904761904761905
chenier-charles-ix,Charles Ix ou L'Ecole des Rois,Tragedy,True,0.3333333333333333,2,0.3888888888888889,0.42857142857142855,4,0.5714285714285714,0.7142857142857143,2,0.8380952380952381,0.9523809523809523,2,0.9523809523809524,1.0,1,1.0
cheron-homme-a-bonnes-fortunes,L'Homme à Sentiments,Comedy,True,0.5333333333333333,2,0.6055555555555555,0.42857142857142855,3,0.7916666666666666,0.4642857142857143,3,0.7208333333333333,0.5,3,0.7645502645502645,0.6111111111111112,2,0.8428571428571429
colardeau-astarbe,Astarbe,Tragedy,True,0.5,3,0.0,0.35714285714285715,4,0.22083333333333333,0.3888888888888889,4,0.42962962962962964,0.4722222222222222,3,0.5222222222222223,0.5555555555555556,3,0.6486772486772486
colle-l-amant-anonyme,"L'Amant Anonyme, Comédie",Comedy,True,0.7,2,0.7,0.6071428571428571,2,0.8178571428571428,1.0,1,1.0,1.0,1,1.0,0.8888888888888888,2,0.9365079365079365
constant-wallstein,Wallstein,Tragedy,True,0.6944444444444444,2,0.7904761904761904,0.6444444444444445,3,0.7280952380952381,0.5636363636363636,3,0.6523809523809524,0.4065934065934066,3,0.7080498866213152,0.42857142857142855,3,0.8342775742775743
cinq-auteurs-aveugle-de-smyrne,L'Aveugle de Smyrne,Comedy,True,0.8571428571428571,2,0.9142857142857144,0.8571428571428571,2,0.8952380952380953,0.7222222222222222,2,0.8698412698412699,0.5818181818181818,2,0.839033189033189,0.6909090909090909,2,0.8604617604617605
cinq-auteurs-comedie-des-tuileries,La Comédie des Thuileries,Comedy,False,0.5,3,0.0,0.6071428571428571,3,0.6041666666666666,0.5333333333333333,4,0.7238095238095238,0.3956043956043956,4,0.6996598639455783,0.47619047619047616,3,0.7240740740740741
corneillep-agesilas,Agésilas,Tragedy,True,0.6666666666666666,2,0.5833333333333334,0.5238095238095238,2,0.6904761904761905,0.3888888888888889,3,0.5317460317460317,0.5,3,0.626984126984127,0.6111111111111112,3,0.7259259259259259
corneillep-andromede,Andromède,Tragedy,False,0.8666666666666667,2,0.9,0.4230769230769231,3,0.7984126984126985,0.3137254901960784,3,0.762413820747154,0.2736842105263158,3,0.7838095238095237,0.2608695652173913,5,0.7190814016900973
corneillep-attila,Attila,Tragedy,True,0.6666666666666666,2,0.5833333333333334,0.42857142857142855,3,0.619047619047619,0.5714285714285714,3,0.6666666666666667,0.6190476190476191,2,0.619047619047619,0.6666666666666666,2,0.7999999999999999
corneillep-cid,Le Cid,Tragedy,True,0.21428571428571427,1,0.375,0.25757575757575757,4,0.4777777777777778,0.30303030303030304,4,0.5170634920634921,0.3484848484848485,4,0.6194444444444445,0.3787878787878788,3,0.6075396825396825
corneillep-cinna-43,Cinna,Tragedy,True,0.6666666666666666,2,0.5833333333333334,0.4666666666666667,3,0.611111111111111,0.38095238095238093,4,0.42857142857142855,0.3611111111111111,4,0.47777777777777775,0.4722222222222222,3,0.674074074074074
corneillep-cinna,Cinna (1682),Tragedy,True,0.6666666666666666,2,0.5833333333333334,0.4666666666666667,3,0.611111111111111,0.38095238095238093,4,0.42857142857142855,0.3611111111111111,4,0.47777777777777775,0.4722222222222222,3,0.674074074074074
corneillep-clitandre,Clitandre,Tragedy,True,0.25,3,0.2916666666666667,0.22727272727272727,4,0.5083333333333333,0.1978021978021978,5,0.43571428571428567,0.23333333333333334,5,0.4979166666666667,0.3,4,0.5513888888888889
corneillep-don-sanche,Don Sanche d'Aragon,Comedy,True,0.5714285714285714,3,0.6571428571428571,0.5,3,0.5,0.5357142857142857,3,0.5166666666666666,0.6785714285714286,2,0.763095238095238,0.7111111111111111,2,0.8456349206349205
corneillep-galerie-du-palais,La Galerie du Palais,Comedy,True,0.45454545454545453,4,0.5727272727272728,0.4909090909090909,3,0.5813852813852814,0.48484848484848486,3,0.5892857142857143,0.6060606060606061,3,0.7667989417989417,0.7272727272727273,2,0.8301106301106301
corneillep-heraclius,"Héraclius, Empereur d'Orient",Tragedy,True,0.6,3,0.5333333333333333,0.4166666666666667,4,0.5074074074074074,0.4,4,0.48,0.5333333333333333,3,0.7023809523809523,0.7111111111111111,3,0.8595238095238095
corneillep-horace,Horace,Tragedy,True,0.6666666666666666,2,0.5833333333333334,0.6190476190476191,2,0.6904761904761905,0.7142857142857143,2,0.7571428571428571,0.5,3,0.6037037037037037,0.5333333333333333,3,0.63
corneillep-illusion-comique,L'Illusion Comique,Comedy,True,1.0,1,1.0,0.3333333333333333,3,0.7407407407407408,0.4,2,0.89,0.41818181818181815,2,0.8792207792207791,0.42424242424242425,3,0.8017195767195767
corneillep-medee-39,Médée,Tragedy,True,0.3333333333333333,2,0.3888888888888889,0.32142857142857145,4,0.25,0.39285714285714285,3,0.49166666666666664,0.5357142857142857,3,0.5916666666666667,0.4444444444444444,3,0.5111111111111111
corneillep-medee,Médée (1682),Tragedy,True,0.3333333333333333,2,0.3888888888888889,0.32142857142857145,4,0.25,0.39285714285714285,3,0.49166666666666664,0.5357142857142857,3,0.5916666666666667,0.4444444444444444,3,0.5111111111111111
corneillep-melite-33,Mélite ou Les Fausses Lettres,Comedy,True,0.4666666666666667,3,0.611111111111111,0.6,2,0.75,0.6428571428571429,2,0.6291666666666667,0.75,2,0.7625,0.75,2,0.7625
corneillep-melite,Mélite,Comedy,True,0.6,2,0.8666666666666666,0.6,2,0.75,0.6,2,0.75,0.6111111111111112,2,0.6656084656084656,0.7777777777777778,2,0.8031746031746032
corneillep-menteur,Le Menteur,Comedy,True,0.7333333333333333,2,0.8666666666666667,0.4722222222222222,2,0.6986772486772487,0.4666666666666667,2,0.729047619047619,0.5333333333333333,2,0.7304761904761905,0.6666666666666666,2,0.7761904761904762
corneillep-mort-pompee,La Mort de Pompée,Tragedy,True,0.8,2,0.8666666666666666,0.5238095238095238,3,0.8095238095238095,0.35555555555555557,4,0.6333333333333333,0.4,3,0.61,0.3484848484848485,3,0.6305555555555555
corneillep-nicomede,Nicomède,Tragedy,True,0.6,3,0.5333333333333333,0.35714285714285715,4,0.45416666666666666,0.5,3,0.5583333333333333,0.5714285714285714,3,0.6166666666666667,0.7857142857142857,2,0.9035714285714286
corneillep-oedipe,Oedipe,Tragedy,True,0.38095238095238093,3,0.6428571428571429,0.39285714285714285,3,0.6291666666666667,0.4642857142857143,3,0.6125,0.4444444444444444,3,0.6407407407407407,0.4727272727272727,3,0.7880952380952381
corneillep-othon,Othon,Tragedy,True,0.6666666666666666,2,0.5833333333333334,0.35714285714285715,4,0.48333333333333334,0.3333333333333333,4,0.5033333333333333,0.3090909090909091,3,0.5406926406926407,0.4230769230769231,3,0.77002442002442
corneillep-pertharite,Pertharite,Tragedy,True,0.6666666666666666,2,0.5833333333333334,0.9,2,0.9,0.8666666666666667,2,0.9,0.8666666666666667,2,0.9,0.7619047619047619,2,0.8095238095238095
corneillep-place-royale,La Place Royale,Comedy,True,0.3,2,0.0,0.38095238095238093,3,0.21428571428571427,0.42857142857142855,3,0.38095238095238093,0.47619047619047616,3,0.38095238095238093,0.5357142857142857,3,0.6916666666666667
corneillep-polyeucte,Polyeucte Martyr,Tragedy,True,0.4,3,0.3611111111111111,0.2777777777777778,4,0.3851851851851852,0.2777777777777778,4,0.3851851851851852,0.2777777777777778,4,0.3851851851851852,0.3333333333333333,4,0.3814814814814815
corneillep-pulcherie,Pulchérie,Comedy,True,0.8333333333333334,2,0.8333333333333333,0.6666666666666666,2,0.8055555555555555,0.8,2,0.7277777777777777,0.9333333333333333,2,0.9333333333333332,0.9333333333333333,2,0.9333333333333332
corneillep-rodogune,"Rodogune, Princesse des Parthes",Tragedy,True,0.4,4,0.0,0.4666666666666667,3,0.27777777777777773,0.47619047619047616,3,0.21428571428571427,0.47619047619047616,3,0.21428571428571427,0.7619047619047619,2,0.8476190476190476
corneillep-sertorius,Sertorius,Tragedy,True,0.5,3,0.0,0.4,3,0.16666666666666666,0.38095238095238093,3,0.42857142857142855,0.47619047619047616,2,0.7999999999999999,0.5277777777777778,3,0.6878306878306879
corneillep-sophonisbe,Sophonisbe,Tragedy,True,0.4,2,0.0,0.3333333333333333,3,0.20476190476190476,0.3055555555555556,3,0.28148148148148144,0.2909090909090909,3,0.37489177489177483,0.3484848484848485,3,0.49563492063492065
corneillep-suite-menteur,La Suite du Menteur,Comedy,True,0.6,2,0.8666666666666666,0.47619047619047616,3,0.5190476190476191,0.6190476190476191,2,0.7952380952380952,0.7142857142857143,2,0.8380952380952381,0.7619047619047619,2,0.8666666666666666
corneillep-suivante,La Suivante,Comedy,True,0.7,2,0.7,0.38095238095238093,2,0.5,0.42857142857142855,3,0.3833333333333333,0.4444444444444444,3,0.5555555555555556,0.4444444444444444,3,0.660952380952381
corneillep-surena,Suréna,Tragedy,True,0.5,2,0.0,0.4,4,0.0,0.42857142857142855,4,0.23809523809523808,0.42857142857142855,4,0.23809523809523808,0.5714285714285714,3,0.6476190476190476
corneillep-theodore,Théodore Vierge et Martyre,Tragedy,True,0.4,3,0.0,0.47619047619047616,3,0.5571428571428572,0.6666666666666666,2,0.819047619047619,0.5277777777777778,3,0.7661375661375661,0.75,2,0.7976190476190477
corneillep-tite,Tite et Bérénice,Comedy,True,0.5,3,0.0,0.3333333333333333,3,0.11904761904761904,0.35714285714285715,3,0.25,0.35714285714285715,3,0.25,0.35714285714285715,3,0.25
corneillep-toison,La Conquête de la Toison d'or,Tragedy,False,0.43636363636363634,3,0.8177489177489178,0.4725274725274725,3,0.8502576788291074,0.41904761904761906,3,0.7745262145262146,0.38333333333333336,3,0.7801635864135864,0.3473684210526316,3,0.7612654012654013
corneillep-veuve-34,La Veuve ou Le Traître Trahi,Comedy,True,0.23809523809523808,3,0.0,0.38095238095238093,5,0.38095238095238093,0.34545454545454546,3,0.6727272727272727,0.3787878787878788,3,0.7074074074074074,0.4696969696969697,2,0.8168109668109668
corneillep-veuve,La Veuve,Comedy,True,0.23809523809523808,3,0.0,0.38095238095238093,5,0.38095238095238093,0.37777777777777777,3,0.6466666666666667,0.36363636363636365,3,0.6222222222222222,0.4393939393939394,2,0.7244949494949494
corneillet-amour-a-la-mode,L'Amour à la Mode,Comedy,True,0.6666666666666666,2,0.5833333333333334,0.3333333333333333,3,0.34444444444444444,0.5555555555555556,3,0.707936507936508,0.5777777777777777,3,0.7228571428571429,0.6888888888888889,3,0.7714285714285715
corneillet-ariane,Ariane,Tragedy,True,0.5,3,0.3333333333333333,0.47619047619047616,3,0.5095238095238095,0.5238095238095238,3,0.5238095238095238,0.5714285714285714,3,0.6,0.8095238095238095,2,0.8714285714285713
corneillet-baron-d-albikrac,Le Baron d'Albikrac,Tragedy,True,0.8214285714285714,2,0.8773809523809524,0.8928571428571429,2,0.9285714285714286,0.8928571428571429,2,0.9285714285714286,0.8928571428571429,2,0.9285714285714286,0.9642857142857143,2,0.9642857142857142
corneillet-berenice,Bérénice,Tragedy,True,0.3333333333333333,3,0.0,0.3888888888888889,3,0.29259259259259257,0.4444444444444444,3,0.4444444444444444,0.5,3,0.6074074074074074,0.5555555555555556,3,0.733095238095238
corneillet-bradamante,Bradamante,Tragedy,True,0.4,3,0.3888888888888889,0.42857142857142855,3,0.619047619047619,0.47619047619047616,3,0.7000000000000001,0.5238095238095238,3,0.619047619047619,0.5714285714285714,3,0.7619047619047619
corneillet-camma,"Camma, Reine de Galatie",Tragedy,True,0.3333333333333333,4,0.0,0.6,3,0.6388888888888888,0.5714285714285714,3,0.6714285714285715,0.6190476190476191,3,0.7142857142857143,0.7619047619047619,2,0.8476190476190476
corneillet-charme-de-la-voix,Le Charme de la Voix,Comedy,True,0.5238095238095238,3,0.6904761904761905,0.8095238095238095,2,0.7714285714285715,0.7857142857142857,2,0.8119047619047619,0.8928571428571429,2,0.8839285714285714,0.9285714285714286,2,0.9190476190476191
corneillet-comte-d-essex,Le Comte d'Essex,Tragedy,True,0.5,2,0.0,0.47619047619047616,3,0.5190476190476191,0.5238095238095238,3,0.6523809523809524,0.6190476190476191,2,0.6952380952380952,0.6190476190476191,2,0.6952380952380952
corneillet-comtesse-orgueil,La Comtesse d'Orgueil,Comedy,True,0.4444444444444444,3,0.8037037037037037,0.5333333333333333,3,0.8107142857142857,0.6444444444444445,2,0.8612698412698412,0.8,2,0.8778571428571429,0.8444444444444444,2,0.9253968253968254
corneillet-darius,Darius,Tragedy,True,0.3333333333333333,3,0.19047619047619047,0.4642857142857143,3,0.5333333333333333,0.4642857142857143,3,0.5333333333333333,0.5714285714285714,3,0.625,0.5714285714285714,3,0.625
corneillet-dom-bertran-de-cigarral,Don Bertran de Cigarral,Comedy,True,0.9,2,0.9,1.0,1,1.0,0.8888888888888888,2,0.9444444444444444,0.7818181818181819,2,0.9111111111111111,0.7818181818181819,2,0.9111111111111111
corneillet-dom-cesar-d-avalos,Don César d'Avalos,Comedy,True,1.0,1,1.0,0.9047619047619048,2,0.9238095238095239,0.9047619047619048,2,0.9238095238095239,0.7222222222222222,2,0.8407407407407407,0.8055555555555556,2,0.8809523809523809
corneillet-engagements-du-hasard,Les Engagements du Hasard,Comedy,True,0.4444444444444444,3,0.8148148148148148,0.5,3,0.8624338624338624,0.5333333333333333,3,0.6885714285714286,0.6666666666666666,2,0.7678571428571429,0.8222222222222222,2,0.880952380952381
corneillet-feint-astrologue,Le Feint Astrologue,Comedy,True,0.3333333333333333,5,0.0,0.4722222222222222,4,0.5925925925925926,0.4727272727272727,3,0.7922077922077921,0.5454545454545454,3,0.7317460317460317,0.6909090909090909,3,0.850937950937951
corneillet-festin-pierre,Le Festin de Pierre,Comedy,True,0.6666666666666666,2,0.5833333333333334,0.5,2,0.7041666666666667,0.3333333333333333,3,0.7796296296296297,0.25833333333333336,3,0.825091575091575,0.25735294117647056,3,0.8183581124757595
corneillet-galant-double,Le Galant Doublé,Comedy,True,0.8,2,0.8666666666666666,0.6071428571428571,3,0.6958333333333333,0.6785714285714286,2,0.7464285714285714,0.6111111111111112,2,0.7333333333333333,0.8611111111111112,2,0.9404761904761904
corneillet-geolier-de-sois-meme,Le Geôlier de Soi-Même,Comedy,True,0.2777777777777778,2,0.3888888888888889,0.28205128205128205,4,0.5512820512820513,0.3717948717948718,3,0.5619047619047619,0.4230769230769231,3,0.6512820512820513,0.4095238095238095,3,0.6635978835978836
corneillet-illustres-ennemis,Les Illustres Ennemis,Comedy,True,0.4666666666666667,3,0.27777777777777773,0.3611111111111111,4,0.4185185185185185,0.31868131868131866,4,0.47057823129251697,0.3626373626373626,4,0.5555555555555556,0.38461538461538464,3,0.5969387755102041
corneillet-laodice,"Laodice, Reine de Cappadoce",Tragedy,True,0.4,3,0.0,0.32142857142857145,4,0.275,0.39285714285714285,3,0.4708333333333333,0.4722222222222222,3,0.6888888888888889,0.5555555555555556,3,0.744973544973545
corneillet-maximian,Maximian,Tragedy,True,0.3333333333333333,3,0.3095238095238095,0.28888888888888886,4,0.15333333333333332,0.4444444444444444,4,0.4766666666666667,0.4888888888888889,4,0.5771428571428572,0.5111111111111111,3,0.6238095238095238
corneillet-mort-annibal,La Mort d'Annibal,Tragedy,True,0.4,2,0.0,0.42857142857142855,3,0.39999999999999997,0.4166666666666667,4,0.4444444444444444,0.4722222222222222,3,0.5518518518518518,0.6388888888888888,3,0.7566137566137566
corneillet-mort-d-achille,La Mort d'Achille,Tragedy,True,1.0,1,1.0,0.6,3,0.5333333333333333,0.4666666666666667,3,0.38888888888888884,0.42857142857142855,3,0.35714285714285715,0.4642857142857143,3,0.6125
corneillet-mort-empereur-commode,La Mort de l'Empereur Commode,Tragedy,True,0.3333333333333333,4,0.0,0.35714285714285715,4,0.29166666666666663,0.42857142857142855,3,0.37083333333333335,0.5357142857142857,3,0.6458333333333333,0.6428571428571429,2,0.8363095238095238
corneillet-persee-demetrius,Persée et Démétrius,Tragedy,True,0.3333333333333333,3,0.0,0.42857142857142855,4,0.4875,0.5357142857142857,3,0.6083333333333334,0.5357142857142857,3,0.6083333333333334,0.6428571428571429,2,0.8392857142857143
corneillet-pyrrhus,"Pyrrhus, Roi d'Epire",Tragedy,True,0.2857142857142857,4,0.0,0.3055555555555556,4,0.23703703703703705,0.4722222222222222,4,0.5111111111111111,0.5555555555555556,4,0.6111111111111112,0.6944444444444444,2,0.8029100529100529
corneillet-stlicon,Stilicon,Tragedy,True,0.4,4,0.3888888888888889,0.3611111111111111,3,0.42592592592592593,0.5277777777777778,3,0.6582010582010582,0.5833333333333334,3,0.8380952380952381,0.6111111111111112,3,0.7767195767195767
corneillet-theodat,Théodat,Tragedy,True,0.5,3,0.0,0.2857142857142857,4,0.0,0.39285714285714285,3,0.55,0.42857142857142855,3,0.6833333333333333,0.42857142857142855,3,0.6833333333333333
corneillet-timocrate,Timocrate,Tragedy,True,0.7333333333333333,2,0.7666666666666666,0.5,3,0.5625,0.5277777777777778,3,0.7052910052910053,0.4727272727272727,3,0.7118326118326118,0.5,3,0.8105820105820105
crebillon-atree-thyeste,Atrée et Thyeste,Tragedy,True,0.3333333333333333,4,0.0,0.35714285714285715,3,0.2875,0.35714285714285715,3,0.2875,0.39285714285714285,3,0.39166666666666666,0.39285714285714285,3,0.39166666666666666
crebillon-catilina,Catilina,Tragedy,True,0.5,2,0.4333333333333333,0.4666666666666667,2,0.4777777777777778,0.32142857142857145,3,0.35,0.2545454545454545,4,0.46428571428571425,0.24242424242424243,4,0.35912698412698413
crebillon-electre,Electre,Tragedy,True,0.38095238095238093,4,0.38095238095238093,0.3055555555555556,4,0.2222222222222222,0.2727272727272727,4,0.40303030303030307,0.3090909090909091,4,0.41385281385281386,0.4,3,0.5614718614718615
crebillon-idomenee,Idoménée,Tragedy,True,0.4,3,0.0,0.38095238095238093,3,0.42857142857142855,0.38095238095238093,3,0.42857142857142855,0.47619047619047616,3,0.5904761904761904,0.47619047619047616,3,0.5904761904761904
crebillon-pyrrhus,Pyrrhus,Tragedy,True,0.4,3,0.0,0.4666666666666667,3,0.38888888888888884,0.5333333333333333,3,0.5833333333333334,0.42857142857142855,4,0.4458333333333333,0.4722222222222222,3,0.5518518518518518
crebillon-rhadamisthe,Rhadamisthe et Zénobie,Tragedy,True,0.6666666666666666,2,0.5833333333333334,0.4666666666666667,3,0.611111111111111,0.6,3,0.6388888888888888,0.47619047619047616,3,0.47619047619047616,0.42857142857142855,3,0.5083333333333333
crebillon-semiramis,Sémiramis,Tragedy,True,0.4,3,0.0,0.38095238095238093,3,0.3095238095238095,0.42857142857142855,3,0.39999999999999997,0.4166666666666667,3,0.4740740740740741,0.4722222222222222,3,0.5222222222222223
crebillon-triumvirat,Le Triumvirat,Tragedy,True,0.5,3,0.0,0.38095238095238093,3,0.3095238095238095,0.4642857142857143,3,0.6333333333333333,0.5357142857142857,3,0.775,0.5357142857142857,3,0.775
crebillon-xerxes,Xercès,Tragedy,True,0.4,2,0.35000000000000003,0.3111111111111111,4,0.44000000000000006,0.2909090909090909,4,0.35454545454545455,0.3090909090909091,4,0.3969696969696969,0.4,4,0.4454545454545455
cyrano-la-mort-d-agrippine,La Mort d'Agrippine,Tragedy,True,0.4,3,0.0,0.2857142857142857,4,0.0,0.38095238095238093,3,0.2857142857142857,0.42857142857142855,3,0.44761904761904764,0.5238095238095238,3,0.6285714285714287
cyrano-pedant-joue,Le Pédant Joué,Comedy,True,0.5238095238095238,3,0.6523809523809524,0.4444444444444444,3,0.6326190476190476,0.3787878787878788,4,0.5606481481481481,0.44871794871794873,2,0.718931068931069,0.5824175824175825,2,0.8207570207570207
dancourt-bourgeoises-a-la-mode,Les Bourgeoises à la Mode.,Comedy,True,0.6666666666666666,2,0.6666666666666666,0.35555555555555557,2,0.5494444444444444,0.4,2,0.6116666666666667,0.5111111111111111,2,0.7155555555555556,0.7272727272727273,2,0.8798701298701299
dancourt-chevalier-a-la-mode,Le Chevalier à la Mode,Comedy,True,0.6,2,0.7611111111111111,0.5,2,0.8571428571428572,0.4888888888888889,2,0.818968253968254,0.5111111111111111,2,0.821984126984127,0.6363636363636364,2,0.8501443001443001
dancourt-enfants-de-paris,Les Enfants de Paris,Comedy,True,0.4,2,0.35000000000000003,0.4722222222222222,2,0.7023809523809523,0.7555555555555555,2,0.828015873015873,0.8,2,0.8628571428571428,0.8727272727272727,2,0.8963203463203463
dancourt-femme-d-intrigues,La Femme D'Intrigues.,Comedy,True,0.4666666666666667,2,0.7000000000000001,0.3333333333333333,3,0.5211640211640212,0.26666666666666666,3,0.6483164983164983,0.18181818181818182,3,0.7256493506493507,0.15608465608465608,3,0.7691211333018055
dancourt-madame-artus,Madame Artus,Comedy,True,0.8333333333333334,2,0.8333333333333333,0.6190476190476191,3,0.7142857142857143,0.5833333333333334,3,0.7375661375661375,0.6,2,0.6854761904761905,0.8888888888888888,2,0.9032539682539683
dancourt-sancho,"Sancho Pança, Gouverneur",Comedy,True,0.5151515151515151,3,0.7764550264550265,0.5256410256410257,2,0.7802586302586303,0.5294117647058824,2,0.7966553780279271,0.4069264069264069,2,0.7981007554536966,0.3080459770114943,2,0.7677037564163468
dancourt-trahison-punie,La Trahison Punie,Comedy,True,0.5238095238095238,2,0.8095238095238095,0.6181818181818182,3,0.8392496392496391,0.6545454545454545,3,0.8639971139971139,0.6727272727272727,3,0.8856421356421357,0.6212121212121212,3,0.8537037037037036
delavigne-comediens,Les Comédiens,Comedy,True,0.5333333333333333,2,0.8277777777777778,0.6363636363636364,3,0.8585978835978837,0.7424242424242424,2,0.8621753246753247,0.7727272727272727,2,0.8695165945165946,0.8333333333333334,2,0.8958333333333334
delavigne-vepres-siciliennes,Les Vêpres Siciliennes,Tragedy,True,0.6,2,0.8666666666666666,0.42857142857142855,4,0.5714285714285714,0.4642857142857143,3,0.6125,0.4444444444444444,3,0.6842857142857143,0.4666666666666667,3,0.7819047619047619
desfontaines-perside,Perside,Tragedy,True,0.5333333333333333,2,0.8277777777777778,0.8,2,0.9,0.6666666666666666,2,0.8476190476190476,0.6071428571428571,2,0.8345238095238096,0.7222222222222222,2,0.819047619047619
desfontaines-saint-genest,L'Illustre Comédien ou Le Martyre de Saint-Genest.,Tragedy,True,0.6388888888888888,2,0.8690476190476191,0.6388888888888888,2,0.8690476190476191,0.8611111111111112,2,0.9404761904761904,0.8611111111111112,2,0.9404761904761904,0.8611111111111112,2,0.9404761904761904
desfontaines-veritable-semiramis,La Véritable Sémiramis,Tragedy,True,0.6666666666666666,2,0.5833333333333334,0.5,3,0.3333333333333333,0.42857142857142855,3,0.6666666666666666,0.5,3,0.7957671957671958,0.5277777777777778,3,0.7862433862433862
deshoulieres-genseric,Genseric,Tragedy,True,0.2857142857142857,4,0.0,0.26666666666666666,4,0.15,0.3111111111111111,4,0.4,0.38181818181818183,3,0.5458874458874459,0.45454545454545453,3,0.6402597402597402
desmarets-visionnaires,Les Visionnaires,Comedy,True,0.4,3,0.3611111111111111,0.4166666666666667,4,0.4703703703703704,0.5277777777777778,2,0.6105820105820106,0.6666666666666666,2,0.68994708994709,0.8333333333333334,2,0.8941798941798942
diderot-pere-de-famille,Le Père de Famille,Comedy,True,0.6666666666666666,2,0.6944444444444445,0.48717948717948717,2,0.8696192696192697,0.5384615384615384,2,0.8265068265068265,0.45714285714285713,3,0.7744677544677544,0.5735294117647058,2,0.8503512827042239
discret-noces-de-vaugirard,Les Noces de Vaugirard ou Les Naïvetés Champêtres.,Comedy,True,1.0,1,1.0,0.9111111111111111,2,0.9333333333333332,0.7818181818181819,2,0.9111111111111111,0.7818181818181819,2,0.9111111111111111,0.5904761904761905,2,0.8644710844710844
donneau-de-vise-corneille-devineresse,La Devineresse,Comedy,True,0.4642857142857143,3,0.5166666666666666,0.23333333333333334,3,0.5541666666666667,0.2426470588235294,2,0.7135620915032679,0.21637426900584794,3,0.5991658066735466,0.21739130434782608,3,0.6614216701173222
donneau-de-vise-dames-vengees,Les Dames Vengées,Comedy,True,0.47619047619047616,2,0.7999999999999999,0.75,2,0.8902116402116401,0.6666666666666666,3,0.8535714285714286,0.6888888888888889,3,0.824047619047619,0.8,2,0.894047619047619
dorat-celibataire,Le Célibataire,Comedy,True,0.4,3,0.16666666666666666,0.42857142857142855,3,0.3125,0.4444444444444444,3,0.48148148148148145,0.5555555555555556,3,0.7042328042328042,0.6666666666666666,3,0.8042328042328042
du-ryer-alcionee,Alcionée,Tragedy,True,0.3333333333333333,1,0.5,0.39285714285714285,4,0.6666666666666666,0.4642857142857143,3,0.6333333333333333,0.5,3,0.7291666666666666,0.5357142857142857,3,0.7333333333333333
du-ryer-esther,Esther,Tragedy,True,0.4,1,0.6,0.3333333333333333,2,0.7619047619047619,0.6071428571428571,3,0.8125,0.5,3,0.7031746031746031,0.5277777777777778,3,0.7121693121693122
du-ryer-lucrece,Lucrèce,Tragedy,True,0.6666666666666666,2,0.0,0.7,2,0.7,0.6190476190476191,2,0.8285714285714285,0.5357142857142857,3,0.7666666666666666,0.5833333333333334,3,0.7386243386243385
du-ryer-saul,Saül,Tragedy,True,0.8,2,0.8666666666666666,0.9,2,0.9,0.6190476190476191,2,0.6904761904761905,0.6666666666666666,2,0.7333333333333334,0.5277777777777778,3,0.7068783068783069
du-ryer-scevole,Scévole,Tragedy,True,0.7333333333333333,2,0.7666666666666666,0.5,3,0.7583333333333333,0.6071428571428571,2,0.8970238095238096,0.75,2,0.875,0.75,2,0.875
du-ryer-themistocle,Thémistocle,Tragedy,True,0.6666666666666666,2,0.5833333333333334,0.38095238095238093,3,0.3619047619047619,0.4722222222222222,3,0.6031746031746033,0.5,3,0.6047619047619048,0.5555555555555556,3,0.6190476190476191
du-ryer-vendanges-de-suresnes,Les Vendanges de Suresnes,Comedy,True,0.2857142857142857,2,0.33333333333333337,0.4222222222222222,4,0.47619047619047616,0.5111111111111111,3,0.6721428571428572,0.6444444444444445,2,0.7540476190476191,0.8545454545454545,2,0.9101010101010101
duche-absalon,Absalon,Tragedy,True,0.8,2,0.8666666666666666,0.4444444444444444,3,0.671957671957672,0.4666666666666667,3,0.6904761904761905,0.4888888888888889,3,0.7019047619047619,0.5777777777777777,3,0.7061904761904761
dufresny-faux-sincere,Le Faux Sincère,Comedy,True,0.39285714285714285,4,0.6458333333333334,0.34545454545454546,3,0.6406926406926406,0.45454545454545453,3,0.7015873015873016,0.5818181818181818,2,0.7814574314574315,0.6727272727272727,2,0.8552669552669553
dufresny-jaloux-honteux,Le Jaloux Honteux,Comedy,True,0.39285714285714285,4,0.6125,0.4444444444444444,3,0.5074074074074074,0.6111111111111112,2,0.6804232804232804,0.6944444444444444,2,0.8423280423280423,0.8333333333333334,2,0.8915343915343915
dufresny-joueuse,La Joueuse,Comedy,True,0.5714285714285714,3,0.8,0.7777777777777778,2,0.8126984126984127,0.7777777777777778,2,0.8321428571428571,0.8,2,0.8509523809523809,0.8222222222222222,2,0.8876984126984127
dufresny-malade-sans-maladie,La Malade sans Maladie,Comedy,True,0.6666666666666666,2,0.6944444444444445,0.7142857142857143,2,0.6523809523809524,0.8095238095238095,2,0.7857142857142857,0.8571428571428571,2,0.8333333333333334,1.0,1,1.0
dufresny-reconciliation-normande,La Réconciliation Normande,Comedy,True,0.2857142857142857,4,0.3333333333333333,0.5555555555555556,3,0.5259259259259259,0.6388888888888888,3,0.837037037037037,0.6666666666666666,2,0.837037037037037,0.8055555555555556,2,0.8955026455026456
fabre-d-eglantine-philinte-de-moliere,Le Philinte de Molière,Comedy,True,1.0,1,1.0,0.9,2,0.9,0.7333333333333333,2,0.8388888888888889,0.75,2,0.8666666666666667,0.7857142857142857,2,0.8761904761904762
folard-themistocle,Thémistocle,Tragedy,True,0.6666666666666666,2,0.5833333333333334,0.5333333333333333,2,0.5499999999999999,0.5714285714285714,2,0.7160714285714286,0.5714285714285714,2,0.7160714285714286,0.75,2,0.8833333333333333
fenelon-alexandre,Alexandre,Tragedy,True,0.38095238095238093,4,0.42857142857142855,0.4222222222222222,4,0.5785714285714285,0.3787878787878788,3,0.6057539682539682,0.3787878787878788,3,0.6057539682539682,0.4696969696969697,3,0.7608465608465608
genest-joseph,Joseph,Tragedy,True,0.5,3,0.3333333333333333,0.39285714285714285,2,0.6904761904761905,0.4888888888888889,2,0.7861111111111111,0.43636363636363634,2,0.7131313131313131,0.43636363636363634,2,0.7131313131313131
genest-penelope,Pénélope,Tragedy,True,0.38095238095238093,3,0.4095238095238095,0.35555555555555557,4,0.5633333333333332,0.32727272727272727,4,0.5666666666666667,0.34545454545454546,4,0.5818181818181818,0.38181818181818183,4,0.6411255411255411
genest-zelonide,Zélonide Princesse de Sparte,Tragedy,True,0.3333333333333333,3,0.0,0.3611111111111111,3,0.43386243386243384,0.3333333333333333,3,0.42857142857142855,0.3333333333333333,3,0.42857142857142855,0.35555555555555557,3,0.4166666666666667
genlis-amant-anonyme,L'Amant Anonyme,Comedy,True,0.7,2,0.7,0.6428571428571429,2,0.8154761904761905,1.0,1,1.0,1.0,1,1.0,1.0,1,1.0
genlis-mere-rivale,"La Mère Rivale, Comédie",Comedy,True,0.8095238095238095,2,0.9238095238095239,0.7142857142857143,3,0.8583333333333334,0.7142857142857143,3,0.8583333333333334,0.7142857142857143,3,0.8583333333333334,0.8214285714285714,2,0.9404761904761905
gilbert-semiramis,Sémiramis,Tragedy,True,1.0,1,1.0,0.42857142857142855,4,0.42857142857142855,0.5238095238095238,3,0.5952380952380952,0.4642857142857143,3,0.475,0.41818181818181815,3,0.5780663780663781
graffigny-cenie,Cénie,Comedy,True,0.4,4,0.0,0.5238095238095238,3,0.619047619047619,0.6666666666666666,2,0.5380952380952381,0.7619047619047619,2,0.7142857142857143,0.8571428571428571,2,0.8333333333333334
gresset-edouard-iii,Edouard Iii,Tragedy,True,0.4,3,0.0,0.38095238095238093,4,0.14285714285714285,0.42857142857142855,3,0.4583333333333333,0.5357142857142857,3,0.5916666666666667,0.5555555555555556,3,0.6370370370370371
grevin-cesar,César,Tragedy,True,0.4666666666666667,1,0.6666666666666666,0.2777777777777778,1,0.7777777777777778,0.2909090909090909,3,0.8090909090909091,0.2727272727272727,3,0.7694444444444444,0.4393939393939394,4,0.7892857142857143
grevin-tresoriere,La Trésorière,Comedy,False,0.3333333333333333,3,0.5238095238095238,0.39285714285714285,3,0.6583333333333333,0.42857142857142855,3,0.6208333333333333,0.5555555555555556,3,0.8063492063492064,0.5555555555555556,3,0.8063492063492064
gudin-lothaire,Lothaire et Valrade,Tragedy,True,0.5333333333333333,2,0.8277777777777778,0.7333333333333333,2,0.8388888888888889,0.6190476190476191,3,0.7142857142857143,0.6190476190476191,3,0.7142857142857143,0.6190476190476191,3,0.7142857142857143
guimont-de-la-touche-iphigenie,Iphigénie en Tauride,Tragedy,True,0.6666666666666666,2,0.5833333333333334,0.4666666666666667,2,0.7000000000000001,0.4666666666666667,2,0.7000000000000001,0.42857142857142855,2,0.6952380952380952,0.4642857142857143,2,0.8273809523809523
guerin-de-bouscal-la-mort-de-brute-et-de-porcie,La Mort de Brute et de Porcie,Tragedy,False,0.2857142857142857,4,0.0,0.25757575757575757,5,0.42500000000000004,0.23333333333333334,5,0.6392361111111111,0.19298245614035087,7,0.62953216374269,0.15579710144927536,6,0.6924242424242424
hardy-meleagre,Méléagre,Tragedy,True,1.0,1,1.0,0.4,3,0.8907647907647908,0.375,3,0.8322559793148028,0.4264705882352941,3,0.8239639445521798,0.3567251461988304,4,0.8199376646745068
hauteroche-amant-flatte-point,L'Amant qui ne Flatte Point,Comedy,True,0.7,2,0.7,0.5238095238095238,3,0.819047619047619,0.8571428571428571,2,0.9047619047619048,0.6944444444444444,2,0.7817460317460317,0.8444444444444444,2,0.8924603174603174
henault-marius-a-cirte,Marius à Cirte,Tragedy,True,0.5,3,0.0,0.2777777777777778,4,0.3148148148148148,0.3055555555555556,4,0.37037037037037035,0.3055555555555556,4,0.37037037037037035,0.3888888888888889,3,0.674074074074074
jaquelin-soliman,Soliman,Tragedy,True,0.5,2,0.4333333333333333,0.35714285714285715,2,0.6011904761904762,0.3333333333333333,2,0.6084656084656085,0.3611111111111111,2,0.6865079365079365,0.4666666666666667,2,0.7066666666666667
jodelle-cleopatre,Cléopâtre Captive,Tragedy,False,0.6666666666666666,1,0.8333333333333334,0.4444444444444444,2,0.8253968253968255,0.4444444444444444,2,0.7628571428571428,0.4444444444444444,2,0.7628571428571428,0.4444444444444444,2,0.7628571428571428
jodelle-didon,Didon se Sacrifiant,Tragedy,True,1.0,1,1.0,0.5714285714285714,2,0.9285714285714286,0.6785714285714286,2,0.8928571428571428,0.6111111111111112,3,0.8380952380952381,0.6111111111111112,3,0.8380952380952381
jodelle-eugene,L'Eugène,Comedy,False,0.3,2,0.0,0.25,3,0.2916666666666667,0.5357142857142857,3,0.8416666666666667,0.5833333333333334,2,0.8738095238095238,0.8888888888888888,2,0.9365079365079365
l-estoile-belle-esclave,La Belle Esclave,Comedy,True,1.0,1,1.0,0.7333333333333333,2,0.8666666666666667,0.8666666666666667,2,0.9,0.6666666666666666,3,0.7142857142857143,0.6666666666666666,3,0.7142857142857143
l-estoile-intrigue-des-filous,L'Intrigue des Filous,Comedy,True,0.3888888888888889,3,0.7925925925925925,0.4222222222222222,3,0.7966666666666666,0.4444444444444444,3,0.7966666666666666,0.4666666666666667,3,0.8300000000000001,0.5111111111111111,3,0.8280952380952382
la-calprenede-comte-d-essex,Le Comte d'Essex,Tragedy,True,0.4666666666666667,3,0.7777777777777778,0.28888888888888886,3,0.74,0.38181818181818183,3,0.8116883116883117,0.3787878787878788,3,0.7489417989417989,0.3717948717948718,3,0.6992673992673992
la-calprenede-enfants-d-herode,La Mort des Enfants d'Hérode,Tragedy,True,0.6666666666666666,2,0.5833333333333334,0.42857142857142855,3,0.6166666666666667,0.4444444444444444,3,0.5873015873015873,0.5111111111111111,2,0.7522222222222222,0.5777777777777777,2,0.7076984126984127
la-calprenede-hermenegilde,Herménégilde,Tragedy,True,0.7,2,0.7666666666666666,0.4444444444444444,4,0.74,0.4727272727272727,3,0.6878787878787879,0.509090909090909,3,0.7393939393939394,0.5151515151515151,3,0.7486772486772487
la-calprenede-jeanne,Jeanne Reine d'Angleterre,Tragedy,True,0.5714285714285714,3,0.8428571428571429,0.4222222222222222,3,0.8219047619047618,0.4230769230769231,3,0.6918192918192918,0.4095238095238095,3,0.7434391534391535,0.38333333333333336,3,0.7487599206349206
la-calprenede-mort-mitrhidate,La Mort de Mitridate,Tragedy,True,0.26666666666666666,2,0.0,0.2,3,0.23333333333333334,0.3111111111111111,4,0.3666666666666667,0.4222222222222222,3,0.5023809523809524,0.4666666666666667,2,0.6733333333333333
la-calprenede-phalante,Phalante,Tragedy,True,0.5333333333333333,2,0.5499999999999999,0.4166666666666667,3,0.5740740740740741,0.4444444444444444,3,0.6777777777777777,0.5555555555555556,2,0.7997619047619048,0.6666666666666666,2,0.8242857142857144
la-chapelle-zaide,Zaïde,Tragedy,True,0.4,2,0.0,0.38095238095238093,3,0.3619047619047619,0.42857142857142855,3,0.5142857142857143,0.42857142857142855,3,0.4166666666666667,0.42857142857142855,3,0.4166666666666667
la-fontaine-eunuque,L'Eunuque,Comedy,True,1.0,1,1.0,0.4666666666666667,2,0.7000000000000001,0.42857142857142855,2,0.5714285714285714,0.3484848484848485,4,0.6595238095238095,0.580952380952381,2,0.843923113923114
la-fontaine-ragotin,Ragotin ou Le Roman Comique,Comedy,True,0.43956043956043955,3,0.7892496392496392,0.5274725274725275,2,0.8296136403279261,0.40476190476190477,2,0.8399794097494231,0.3046153846153846,3,0.8123361456357407,0.30484330484330485,3,0.7792158675199611
la-fosse-manlius,Manlius Capitolinus,Tragedy,True,0.3333333333333333,4,0.0,0.38095238095238093,3,0.3619047619047619,0.32142857142857145,4,0.31666666666666665,0.35714285714285715,4,0.45,0.42857142857142855,3,0.6083333333333333
la-harpe-comte-de-warwick,Le Comte de Warwik,Tragedy,True,0.4,3,0.0,0.2857142857142857,3,0.08333333333333333,0.35714285714285715,3,0.2875,0.42857142857142855,3,0.4166666666666667,0.4642857142857143,3,0.525
la-mesnardiere-alinde,Alinde,Tragedy,True,0.42857142857142855,3,0.8416666666666667,0.4444444444444444,3,0.7433333333333334,0.5333333333333333,2,0.6685714285714286,0.5333333333333333,2,0.6685714285714286,0.7424242424242424,2,0.8269179894179893
la-motte-canente,Canente,Tragedy,False,0.5714285714285714,1,0.75,0.34615384615384615,2,0.7299145299145299,0.31666666666666665,2,0.7131944444444445,0.28104575163398693,2,0.7339506172839506,0.2714285714285714,3,0.7369252440681012
la-motte-ines-de-castro,Inès de Castro,Tragedy,True,0.4,4,0.0,0.5238095238095238,2,0.6666666666666667,0.5714285714285714,2,0.6761904761904762,0.4444444444444444,2,0.7761904761904762,0.4444444444444444,2,0.7761904761904762
la-motte-machabees,Les Machabées,Tragedy,True,0.4,2,0.0,0.38095238095238093,4,0.2619047619047619,0.47619047619047616,3,0.5428571428571428,0.3333333333333333,3,0.34444444444444444,0.3611111111111111,3,0.4592592592592593
la-motte-omphale,Omphale,Tragedy,False,0.7619047619047619,2,0.8095238095238095,0.42424242424242425,3,0.7947089947089947,0.45454545454545453,2,0.8379810004810005,0.43956043956043955,3,0.8202020202020203,0.43956043956043955,3,0.8202020202020203
la-motte-scanderberg,Scanderberg,Tragedy,False,0.7142857142857143,2,0.8857142857142858,0.38461538461538464,3,0.7802197802197802,0.31666666666666665,3,0.79135101010101,0.28654970760233917,3,0.837745879851143,0.23809523809523808,3,0.8038564970383152
gillet-campagnard,Le Campagnard,Comedy,True,0.7142857142857143,3,0.7583333333333333,0.6,3,0.7414285714285714,0.6444444444444445,2,0.8373015873015873,0.6666666666666666,2,0.8371428571428572,0.6727272727272727,2,0.8533910533910535
gillet-deniaise,Le Déniaisé,Comedy,True,1.0,1,1.0,1.0,1,1.0,0.7857142857142857,2,0.8392857142857143,0.6727272727272727,2,0.8045454545454546,0.6666666666666666,2,0.8166666666666668
gillet-francion,La Comédie de Francion,Comedy,True,0.4166666666666667,2,0.9333333333333333,0.4666666666666667,4,0.6557142857142857,0.4666666666666667,4,0.6557142857142857,0.4888888888888889,4,0.6876190476190476,0.3904761904761905,4,0.8239153439153439
la-thuilerie-hercule,Hercule,Tragedy,True,0.4,3,0.25,0.38095238095238093,3,0.3619047619047619,0.35714285714285715,4,0.49583333333333335,0.3333333333333333,4,0.37777777777777777,0.4166666666666667,3,0.6444444444444444
la-thuilerie-soliman,Soliman,Tragedy,False,0.6666666666666666,2,0.0,0.5,3,0.0,0.42857142857142855,3,0.3416666666666667,0.35555555555555557,4,0.34571428571428575,0.4222222222222222,4,0.5542857142857143
lagrange-chancel-amasis,Amasis,Tragedy,True,0.6,3,0.5333333333333333,0.39285714285714285,4,0.4458333333333333,0.4166666666666667,3,0.5296296296296297,0.4444444444444444,3,0.574074074074074,0.4666666666666667,3,0.6128571428571428
lagrange-chancel-meleagre,Méléagre,Tragedy,True,0.5,2,0.4333333333333333,0.39285714285714285,3,0.42083333333333334,0.5,3,0.5958333333333333,0.6071428571428571,3,0.8125,0.6071428571428571,3,0.8125
lagrange-chancel-oreste,Oreste et Pylade,Tragedy,True,0.3333333333333333,3,0.0,0.35714285714285715,3,0.5666666666666667,0.35555555555555557,4,0.41,0.4222222222222222,3,0.4576190476190476,0.4444444444444444,3,0.5557142857142857
laignelot-agis,Agis,Tragedy,True,0.8333333333333334,2,0.8333333333333333,0.5714285714285714,2,0.7952380952380952,0.8214285714285714,2,0.9404761904761905,0.5151515151515151,3,0.8462962962962962,0.5151515151515151,3,0.8462962962962962
le-franc-didon,Didon,Tragedy,True,0.6,2,0.8666666666666666,0.32142857142857145,4,0.44166666666666665,0.35714285714285715,4,0.37083333333333335,0.42857142857142855,3,0.5583333333333333,0.4642857142857143,3,0.6125
ouville-absent-chez-soi,L'Absent chez Soi,Comedy,True,0.4166666666666667,4,0.6777777777777777,0.7333333333333333,2,0.8619047619047618,0.7777777777777778,2,0.8793650793650795,0.9111111111111111,2,0.9301587301587301,1.0,1,1.0
ouville-fausses-verites,Les Fausses Vérités,Comedy,True,0.7333333333333333,2,0.8222222222222223,0.8095238095238095,2,0.819047619047619,0.7857142857142857,2,0.8553571428571429,0.6666666666666666,3,0.7391534391534391,0.7777777777777778,2,0.8769841269841269
ouville-soupcons,Les Soupçons sur les Apparences,Comedy,True,0.5714285714285714,3,0.8428571428571429,0.7142857142857143,3,0.8285714285714285,0.5333333333333333,3,0.7757142857142857,0.5777777777777777,3,0.8078571428571429,0.6888888888888889,3,0.8633333333333333
le-vayer-grand-selim,Le Grand Sélim ou Le Couronnement Tragique,Tragedy,True,0.6666666666666666,2,0.5833333333333334,0.47619047619047616,3,0.619047619047619,0.3333333333333333,4,0.62,0.38181818181818183,4,0.6688311688311688,0.41818181818181815,3,0.6852813852813853
leclerc-iphigenie,Iphigénie,Tragedy,True,0.6666666666666666,2,0.0,0.4,4,0.0,0.39285714285714285,3,0.32916666666666666,0.3888888888888889,3,0.35555555555555557,0.4722222222222222,3,0.6587301587301587
legouve-eteocle,Etéocle,Tragedy,True,1.0,1,1.0,0.7,2,0.7666666666666666,0.8,2,0.8666666666666666,0.8,2,0.8444444444444444,0.8095238095238095,2,0.8666666666666666
legouve-laurence-orzano,Laurence et Orzano,Tragedy,True,0.4,3,0.25,0.2777777777777778,4,0.14814814814814814,0.28888888888888886,3,0.3433333333333333,0.34545454545454546,3,0.4439393939393939,0.36363636363636365,3,0.494949494949495
legouve-polixene,Polixène,Tragedy,True,0.6666666666666666,2,0.0,0.5,2,0.4333333333333333,0.5333333333333333,3,0.5,0.6190476190476191,3,0.6761904761904762,0.6666666666666666,3,0.7142857142857143
legouve-attilie,Attilie,Tragedy,True,0.6666666666666666,2,0.5833333333333334,0.47619047619047616,3,0.5904761904761904,0.6190476190476191,2,0.7952380952380952,0.6666666666666666,2,0.7999999999999999,0.7619047619047619,2,0.8571428571428571
lemierre-artaxerce,Artaxerce,Tragedy,True,0.4,3,0.25,0.38095238095238093,3,0.3095238095238095,0.42857142857142855,3,0.39999999999999997,0.42857142857142855,3,0.39999999999999997,0.42857142857142855,3,0.39999999999999997
lemierre-guillaume-tell,Guillaume Tell,Tragedy,True,0.8,2,0.8666666666666666,0.5238095238095238,3,0.819047619047619,0.6666666666666666,2,0.7952380952380952,0.6666666666666666,2,0.7952380952380952,0.6666666666666666,2,0.7952380952380952
lemierre-idomenee,Idoménée,Tragedy,True,0.6666666666666666,2,0.5833333333333334,0.6,2,0.6,0.9,2,0.9,0.6666666666666666,2,0.6944444444444445,0.6666666666666666,2,0.6944444444444445
lemierre-veuve-malabar,La Veuve du Malabar,Tragedy,True,0.6666666666666666,2,0.5833333333333334,0.4,4,0.27777777777777773,0.35714285714285715,4,0.5375,0.4642857142857143,3,0.7375,0.5,3,0.7583333333333333
lesage-turcaret,Turcaret,Comedy,False,0.6666666666666666,2,0.8333333333333334,0.6190476190476191,3,0.780952380952381,0.5277777777777778,3,0.6746031746031745,0.42424242424242425,3,0.6518518518518518,0.5769230769230769,2,0.7570818070818071
linant-alzaide,Alzaïde,Tragedy,True,0.6666666666666666,2,0.0,0.38095238095238093,3,0.5047619047619047,0.32142857142857145,3,0.42083333333333334,0.42857142857142855,3,0.55,0.42857142857142855,3,0.55
longepierre-la-mort-de-solon,La Mort de Solon,Tragedy,True,0.5,2,0.4333333333333333,0.3055555555555556,3,0.23333333333333334,0.2727272727272727,4,0.20909090909090908,0.2909090909090909,3,0.2545454545454545,0.32727272727272727,3,0.35584415584415585
longepierre-medee,Médée,Tragedy,True,0.5,2,0.0,0.4,3,0.25,0.4,3,0.25,0.39285714285714285,3,0.5708333333333333,0.3611111111111111,3,0.7333333333333333
magnon-artaxerxe,Artaxerxe,Tragedy,True,0.6,2,0.9,1.0,1,1.0,1.0,1,1.0,1.0,1,1.0,0.9523809523809523,2,0.9523809523809524
magnon-jeanne-de-naples,Jeanne de Naples,Tragedy,True,0.7333333333333333,2,0.8222222222222223,0.8,2,0.9,0.8,2,0.9,0.6785714285714286,2,0.8422619047619048,0.6388888888888888,2,0.8261904761904763
magnon-sejanus,Séjanus,Tragedy,True,0.5,3,0.4666666666666667,0.47619047619047616,3,0.7380952380952381,0.4222222222222222,4,0.7233333333333334,0.5818181818181818,3,0.7463203463203463,0.5818181818181818,3,0.7463203463203463
magnon-tamerlan,Tamerlan,Tragedy,True,0.5,3,0.4666666666666667,0.4166666666666667,4,0.6444444444444444,0.4222222222222222,3,0.6123809523809524,0.45454545454545453,3,0.5805194805194805,0.3939393939393939,4,0.5043650793650793
magnon-zenobie,"Zénobie, Reine de Palmire",Tragedy,True,0.8666666666666667,2,0.9,0.8571428571428571,2,0.9142857142857144,0.5777777777777777,2,0.7186507936507937,0.6444444444444445,2,0.7793650793650794,0.6666666666666666,2,0.7797619047619048
mairet-sophonisbe,Sophonisbe,Tragedy,True,0.5,3,0.4666666666666667,0.5333333333333333,3,0.5833333333333334,0.42857142857142855,4,0.45833333333333337,0.3090909090909091,4,0.5731601731601731,0.36363636363636365,4,0.583982683982684
mareschala-jugement,Le Jugement Equitable de Charles le Hardy Dernier Duc de Bourgogne,Tragedy,True,0.47619047619047616,3,0.5095238095238095,0.4722222222222222,3,0.5920634920634921,0.5333333333333333,3,0.6888095238095239,0.5333333333333333,3,0.6888095238095239,0.6,3,0.7085714285714286
mareschala-railleur,Le Railleur,Comedy,True,0.6,2,0.9,0.5357142857142857,2,0.8851190476190476,0.6071428571428571,2,0.8470238095238095,0.9642857142857143,2,0.9642857142857142,0.9642857142857143,2,0.9642857142857142
mareschala-veritable-capitaine-matamore,Le Véritable Capitan Matamore ou Le Fanfaron,Comedy,True,0.7333333333333333,2,0.8666666666666667,0.6190476190476191,2,0.8476190476190476,0.5555555555555556,2,0.8476190476190476,0.6666666666666666,2,0.7597883597883598,0.8611111111111112,2,0.9404761904761904
marivaux-annibal,Annibal,Tragedy,True,0.4,3,0.0,0.2857142857142857,4,0.10416666666666666,0.32142857142857145,4,0.16666666666666666,0.32142857142857145,4,0.16666666666666666,0.35714285714285715,3,0.25
marivaux-serments-indiscrets,Les Serments Indiscrets,Comedy,True,0.8,2,0.8666666666666666,0.6071428571428571,3,0.7833333333333333,0.7857142857142857,2,0.8702380952380953,0.8214285714285714,2,0.8904761904761904,0.8571428571428571,2,0.9285714285714286
moliere-amants-magnifiques,Les Amants Magnifiques,Comedy,False,1.0,1,1.0,0.7857142857142857,2,0.8392857142857143,0.6666666666666666,3,0.8042328042328042,0.4909090909090909,3,0.6049783549783551,0.4909090909090909,3,0.6049783549783551
moliere-avare,L'Avare,Comedy,True,0.6,2,0.6,0.5714285714285714,2,0.7714285714285715,0.6727272727272727,2,0.8493506493506494,0.6727272727272727,2,0.8493506493506494,0.6153846153846154,2,0.8334276834276834
moliere-bourgeois-gentilhomme,Le Bourgeois Gentilhomme,Comedy,False,0.8636363636363636,2,0.9727272727272727,0.5666666666666667,3,0.9173430735930735,0.31521739130434784,4,0.8745215311004785,0.2792022792022792,4,0.8527229971674416,0.29914529914529914,4,0.8875011908828334
moliere-depit-amoureux,Le Dépit Amoureux,Comedy,True,0.7,2,0.8,0.28888888888888886,3,0.4,0.38181818181818183,3,0.5504329004329004,0.41818181818181815,3,0.6712121212121213,0.6212121212121212,3,0.8379629629629629
moliere-dom-garcie-de-navarre,Don Garcie de Navarre,Comedy,True,0.6666666666666666,2,0.5833333333333334,0.7,2,0.7666666666666666,0.6,2,0.75,0.5357142857142857,3,0.7125,0.5714285714285714,3,0.7083333333333334
moliere-dom-juan,Don Juan ou Le Festin de Pierre,Comedy,True,0.6666666666666666,2,0.5833333333333334,0.5,2,0.7041666666666667,0.36363636363636365,3,0.7297979797979799,0.25833333333333336,3,0.7826236263736264,0.2426470588235294,3,0.7937297996121525
moliere-ecole-des-femmes,L'Ecole des Femmes,Comedy,True,0.4,2,0.35000000000000003,0.4,2,0.35000000000000003,0.4,2,0.35000000000000003,0.42857142857142855,2,0.4571428571428572,0.6388888888888888,2,0.8595238095238096
moliere-etourdi,L'Etourdi,Comedy,True,0.47619047619047616,2,0.5619047619047619,0.4722222222222222,2,0.7616402116402116,0.4222222222222222,2,0.7677777777777778,0.4444444444444444,2,0.7705555555555555,0.6181818181818182,2,0.850937950937951
moliere-femmes-savantes,Les Femmes Savantes,Comedy,True,0.6666666666666666,2,0.5833333333333334,0.42857142857142855,3,0.8,0.6727272727272727,2,0.8561327561327562,0.6363636363636364,2,0.8349867724867726,0.6794871794871795,2,0.856021756021756
moliere-festin-de-pierre,Don Juan,Comedy,True,0.6666666666666666,2,0.5833333333333334,0.5,2,0.7041666666666667,0.36363636363636365,3,0.7297979797979799,0.25833333333333336,3,0.7826236263736264,0.2426470588235294,3,0.7937297996121525
moliere-misanthrope,Le Misanthrope,Comedy,True,1.0,1,1.0,0.6111111111111112,2,0.8597883597883598,0.5555555555555556,2,0.8399206349206348,0.4909090909090909,2,0.84011544011544,0.6545454545454545,2,0.8907647907647906
moliere-tartuffe,Le Tartuffe,Comedy,True,0.8095238095238095,2,0.9238095238095239,0.7142857142857143,2,0.8797619047619047,0.6944444444444444,2,0.8150793650793651,0.75,2,0.8775132275132275,0.8,2,0.908080808080808
pousset-de-montauban-zenobie,Zénobie Reine d'Arménie,Tragedy,True,0.6666666666666666,2,0.5833333333333334,0.7619047619047619,2,0.8095238095238095,0.7619047619047619,2,0.8095238095238095,0.8055555555555556,2,0.8611111111111112,0.6727272727272727,2,0.8051948051948052
monchretien-ecossaise-1604,Tragédie de la Reine d'Ecosse,Tragedy,True,1.0,1,1.0,1.0,1,1.0,0.4642857142857143,1,1.0,0.4642857142857143,1,1.0,0.35555555555555557,2,0.9466666666666667
montchretien-aman,Aman,Tragedy,True,1.0,1,1.0,0.8333333333333334,2,0.8333333333333333,0.5555555555555556,2,0.8994708994708994,0.5333333333333333,2,0.8369047619047618,0.5757575757575758,2,0.8588985088985089
montchretien-carthaginoise,La Carthaginoise,Tragedy,True,1.0,1,1.0,0.8,2,0.8666666666666666,0.6190476190476191,2,0.7714285714285715,0.5,2,0.7470899470899471,0.4666666666666667,2,0.7380952380952381
montchretien-david,David,Tragedy,True,1.0,1,1.0,0.8333333333333334,2,0.8333333333333333,1.0,1,1.0,0.8,2,0.8666666666666666,0.6190476190476191,2,0.8476190476190476
montchretien-hector,Hector,Tragedy,True,0.6666666666666666,2,0.5833333333333334,0.7619047619047619,2,0.8095238095238095,0.5555555555555556,2,0.8015873015873016,0.7111111111111111,2,0.8567460317460318,0.7777777777777778,2,0.8615079365079366
montchretien-lacenes,Les Lacènes,Tragedy,True,1.0,1,1.0,0.5714285714285714,2,0.9285714285714286,0.509090909090909,2,0.8935064935064936,0.4696969696969697,2,0.8814935064935066,0.3956043956043956,2,0.8649398220826792
montgaudier-natalie,Natalie,Tragedy,True,0.8,2,0.8666666666666666,0.6071428571428571,3,0.8166666666666667,0.7142857142857143,2,0.8607142857142858,0.7142857142857143,2,0.8607142857142858,0.5833333333333334,2,0.7478835978835979
nadal-antiochus,Antiochus,Tragedy,True,0.26666666666666666,3,0.0,0.3333333333333333,4,0.33333333333333337,0.26666666666666666,4,0.2633333333333333,0.3090909090909091,4,0.3896103896103896,0.36363636363636365,3,0.7292207792207793
nadal-herode,Hérode,Tragedy,True,0.5,2,0.4333333333333333,0.4642857142857143,4,0.5208333333333334,0.4166666666666667,4,0.5518518518518518,0.35555555555555557,4,0.4633333333333334,0.36363636363636365,4,0.5688311688311688
nadal-mariamne,Mariamne,Tragedy,True,0.3333333333333333,3,0.0,0.42857142857142855,3,0.4523809523809524,0.4642857142857143,3,0.7166666666666667,0.5357142857142857,3,0.775,0.4722222222222222,3,0.7481481481481481
nadal-osarphis-moise,Osarphis,Tragedy,True,0.4,3,0.3611111111111111,0.3055555555555556,4,0.2074074074074074,0.3055555555555556,4,0.2074074074074074,0.3333333333333333,3,0.337037037037037,0.3888888888888889,3,0.5502645502645502
nadal-saul,Saül,Tragedy,True,0.7,2,0.7,0.5238095238095238,3,0.6523809523809524,0.5,3,0.6625,0.4444444444444444,3,0.6126984126984127,0.5555555555555556,3,0.7296296296296296
nivelle-ecole-des-amis,Ecole des Amis,Comedy,True,0.8,2,0.8666666666666666,0.7333333333333333,2,0.7111111111111111,0.6190476190476191,3,0.6761904761904762,0.7142857142857143,2,0.819047619047619,0.6428571428571429,2,0.830952380952381
nivelle-ecole-meres,L'Ecole des Mères,Comedy,True,0.6,3,0.5333333333333333,0.3717948717948718,3,0.6822344322344323,0.44871794871794873,3,0.7264957264957265,0.47435897435897434,3,0.7521367521367522,0.5,3,0.8149961149961149
nivelle-gouvernante,La Gouvernante,Comedy,True,0.4,4,0.0,0.42857142857142855,3,0.3333333333333333,0.5714285714285714,3,0.5333333333333333,0.6666666666666666,2,0.7095238095238096,0.7619047619047619,2,0.8666666666666666
nivelle-prejuge-a-la-mode,Le Préjugé à la Mode,Comedy,True,0.6,2,0.6777777777777777,0.75,2,0.8708333333333333,0.6388888888888888,2,0.7537037037037037,0.6944444444444444,2,0.7817460317460317,0.5454545454545454,2,0.7835497835497836
nericault-glorieux,Le Glorieux,Comedy,True,0.5333333333333333,2,0.6055555555555555,0.37777777777777777,3,0.41380952380952374,0.4888888888888889,3,0.5366666666666666,0.5555555555555556,3,0.6438095238095238,0.5818181818181818,3,0.6915584415584416
pacaroni-bajazet-premier,Bajazet Premier,Tragedy,True,0.6666666666666666,2,0.5833333333333334,0.38095238095238093,4,0.3333333333333333,0.47619047619047616,3,0.47619047619047616,0.47619047619047616,3,0.47619047619047616,0.47619047619047616,3,0.47619047619047616
palaprat-le-muet,Le Muet,Comedy,True,0.4666666666666667,2,0.7000000000000001,0.3181818181818182,2,0.7484848484848485,0.4393939393939394,2,0.7209235209235209,0.5151515151515151,2,0.8107082732082732,0.6410256410256411,3,0.8156954156954157
palissot-ninus,Ninus Second,Tragedy,True,0.6666666666666666,2,0.5833333333333334,0.5357142857142857,3,0.6166666666666667,0.5714285714285714,3,0.5833333333333333,0.6428571428571429,3,0.725,0.6785714285714286,3,0.7375
pellegrin-tibere,Tibère,Tragedy,True,0.4,4,0.27777777777777773,0.3055555555555556,4,0.35185185185185186,0.3611111111111111,4,0.3851851851851852,0.5,3,0.6603174603174603,0.5277777777777778,3,0.7174603174603175
piron-ecole-peres,L'Ecole des Pères,Comedy,True,0.8,2,0.8666666666666666,0.6388888888888888,2,0.8150793650793651,0.8666666666666667,2,0.8976190476190476,0.8666666666666667,2,0.8976190476190476,0.9111111111111111,2,0.9444444444444444
piron-gustave-wasa,Gustave Wasa,Tragedy,True,0.4,3,0.3611111111111111,0.38095238095238093,3,0.3095238095238095,0.4642857142857143,3,0.32499999999999996,0.5714285714285714,2,0.6035714285714285,0.5714285714285714,2,0.6035714285714285
piron-metromanie,La Métromanie ou Le Poète Comédie en Cinq Actes et en vers,Comedy,True,0.6,2,0.3333333333333333,0.5238095238095238,3,0.3333333333333333,0.5714285714285714,2,0.49523809523809526,0.6190476190476191,2,0.7952380952380952,0.6666666666666666,2,0.8476190476190476
plaute-amphitryon,Amphitryon,Comedy,False,1.0,1,1.0,0.6,2,0.6777777777777777,0.8666666666666667,2,0.9,0.8666666666666667,2,0.9,0.6666666666666666,2,0.7333333333333334
plaute-aululaire,L'Aululaire Traduction Sommer,Comedy,False,1.0,1,0.0,0.32142857142857145,4,0.3958333333333333,0.32142857142857145,4,0.3958333333333333,0.3111111111111111,4,0.53,0.36363636363636365,3,0.69004329004329
poinsinet-ajax,Ajax,Tragedy,True,0.26666666666666666,3,0.0,0.2222222222222222,4,0.2592592592592593,0.3333333333333333,4,0.36666666666666664,0.3333333333333333,4,0.35333333333333333,0.35555555555555557,4,0.46333333333333326
prade-arsace,"Arsace, Roi des Parthes",Tragedy,True,0.3333333333333333,4,0.0,0.6666666666666666,3,0.6666666666666666,0.6666666666666666,3,0.6666666666666666,0.6666666666666666,3,0.6666666666666666,0.8,2,0.8444444444444444
pradon-mort-de-bajazet,Tamerlan ou La Mort de Bajazet,Tragedy,True,0.5,2,0.0,0.4666666666666667,3,0.4444444444444444,0.6,2,0.6777777777777777,0.6666666666666666,2,0.8333333333333334,0.5238095238095238,3,0.6428571428571429
pradon-phedre,Phèdre et Hippolyte,Tragedy,True,0.5,3,0.0,0.4666666666666667,3,0.38888888888888884,0.5333333333333333,3,0.5,0.42857142857142855,3,0.35714285714285715,0.5,3,0.6708333333333334
pradon-regulus,Régulus,Tragedy,True,0.6666666666666666,2,0.5833333333333334,0.5333333333333333,3,0.5833333333333334,0.47619047619047616,3,0.6142857142857142,0.7619047619047619,2,0.8095238095238095,0.5833333333333334,2,0.6738095238095237
pradon-scipion,Scipion l'Africain,Tragedy,True,0.6666666666666666,2,0.5833333333333334,0.3333333333333333,4,0.23809523809523808,0.2777777777777778,5,0.2037037037037037,0.28888888888888886,5,0.4166666666666667,0.35555555555555557,3,0.6
pradon-statira,Statira,Tragedy,True,0.5333333333333333,2,0.5499999999999999,0.42857142857142855,3,0.6041666666666666,0.5357142857142857,3,0.7083333333333334,0.5714285714285714,3,0.7,0.6071428571428571,3,0.8
puget-de-la-serre-le-pyrame,Le Pyrame,Tragedy,True,0.2,1,0.0,0.2222222222222222,4,0.16666666666666666,0.3333333333333333,3,0.4666666666666667,0.35555555555555557,3,0.54,0.35555555555555557,3,0.54
puget-de-la-serre-martyre-sainte-catherine,Le Martyre de Sainte Catherine,Tragedy,True,0.3333333333333333,3,0.5238095238095238,0.24444444444444444,4,0.5833333333333333,0.28888888888888886,3,0.63,0.32727272727272727,3,0.6484848484848484,0.36363636363636365,3,0.7463203463203463
puget-de-la-serre-pandoste-i,Pandoste ou La Princesse Malheureuse,Tragedy,True,1.0,1,1.0,0.8333333333333334,2,0.8333333333333333,0.5714285714285714,2,0.7714285714285715,0.35555555555555557,2,0.7019047619047619,0.19166666666666668,3,0.6556547619047619
puget-de-la-serre-pandoste-ii,Pandoste [ii] ou La Princesse Malheureuse,Tragedy,True,0.3333333333333333,4,0.0,0.3111111111111111,3,0.42000000000000004,0.4222222222222222,4,0.4766666666666667,0.4222222222222222,4,0.4766666666666667,0.3333333333333333,5,0.6227106227106227
puget-de-la-serre-sac-de-carthage,Le Sac de Carthage,Tragedy,True,0.7,2,0.7,0.37777777777777777,3,0.5633333333333332,0.4222222222222222,3,0.5633333333333334,0.38461538461538464,3,0.6568027210884353,0.3956043956043956,3,0.6427437641723356
puget-de-la-serre-thesee,Thésée ou Le Prince Reconnu,Tragedy,True,0.4,1,1.0,0.5238095238095238,3,0.7000000000000001,0.4642857142857143,3,0.6125,0.41818181818181815,3,0.6909090909090909,0.3787878787878788,3,0.6944444444444445
puget-de-la-serre-thomas-morus,Thomas Morus,Tragedy,True,0.5,3,0.0,0.5333333333333333,3,0.5833333333333334,0.41818181818181815,4,0.5499999999999999,0.42424242424242425,3,0.692989417989418,0.42424242424242425,3,0.692989417989418
pure-ostorius,Ostorius,Tragedy,True,0.3,2,0.0,0.42857142857142855,3,0.3333333333333333,0.8571428571428571,2,0.8857142857142858,0.9523809523809523,2,0.9523809523809524,0.9523809523809523,2,0.9523809523809524
pechantre-geta,Geta,Tragedy,True,0.6666666666666666,2,0.5833333333333334,0.8,2,0.8666666666666666,0.47619047619047616,3,0.5095238095238095,0.5714285714285714,3,0.6,0.5,2,0.6291666666666667
quinault-astrate,Astrate Roi de Tyr,Tragedy,True,0.3333333333333333,3,0.0,0.38095238095238093,3,0.2857142857142857,0.3611111111111111,3,0.43333333333333335,0.35555555555555557,3,0.5900000000000001,0.4,3,0.5714285714285714
quinault-atys,Atys,Tragedy,False,0.7619047619047619,2,0.8095238095238095,0.5277777777777778,3,0.5925925925925926,0.35,3,0.8511904761904762,0.2717391304347826,4,0.8353715728715728,0.2438423645320197,4,0.840886125368884
quinault-bellerophon,Bellérophon,Tragedy,True,0.4,3,0.0,0.3333333333333333,4,0.0,0.38095238095238093,4,0.23809523809523808,0.42857142857142855,3,0.4166666666666667,0.6071428571428571,3,0.7083333333333334
quinault-comedie-sans-comedie,La Comédie sans Comédie,Comedy,True,0.8571428571428571,2,0.9047619047619048,0.3904761904761905,2,0.886984126984127,0.26666666666666666,2,0.9192743764172335,0.19692307692307692,2,0.9091575091575093,0.13825757575757575,2,0.8466089466089466
quinault-les-rivales,Les Rivales,Comedy,True,0.6666666666666666,3,0.6666666666666666,0.5,3,0.6583333333333333,0.4722222222222222,3,0.6846560846560847,0.5277777777777778,3,0.7354497354497355,0.6944444444444444,3,0.7936507936507937
quinault-mere-coquette,La Mère Coquette,Comedy,True,0.7,2,0.7,0.5714285714285714,3,0.5619047619047619,0.6190476190476191,2,0.7095238095238096,0.6071428571428571,2,0.7220238095238095,0.75,2,0.8708333333333333
quinault-proserpine,Proserpine,Tragedy,False,0.25,3,0.2708333333333333,0.34615384615384615,4,0.5426739926739926,0.29523809523809524,4,0.5111111111111111,0.20526315789473684,4,0.5316269841269842,0.1737891737891738,4,0.5904761904761905
quinault-thesee,Thésée,Tragedy,False,0.4090909090909091,3,0.683068783068783,0.23529411764705882,5,0.5358024691358024,0.24561403508771928,5,0.6033416875522138,0.19367588932806323,4,0.6710144927536232,0.20923076923076922,4,0.7244449994449995
racine-alexandre-66,Alexandre le Grand,Tragedy,True,0.5,3,0.0,0.7,2,0.7666666666666666,0.7333333333333333,2,0.7111111111111111,0.8,2,0.7277777777777777,1.0,1,1.0
racine-alexandre,Alexandre le Grand,Tragedy,True,0.5,3,0.0,0.7,2,0.7666666666666666,0.7333333333333333,2,0.7111111111111111,0.8,2,0.7277777777777777,1.0,1,1.0
racine-andromaque-68,Andromaque,Tragedy,True,0.4,3,0.0,0.2857142857142857,4,0.0,0.39285714285714285,3,0.375,0.42857142857142855,3,0.47916666666666663,0.4642857142857143,3,0.525
racine-andromaque,Andromaque,Tragedy,True,0.4,3,0.0,0.2857142857142857,4,0.0,0.39285714285714285,3,0.375,0.42857142857142855,3,0.47916666666666663,0.42857142857142855,3,0.47916666666666663
racine-athalie,Athalie,Tragedy,True,0.6666666666666666,2,0.0,0.3888888888888889,3,0.6925925925925926,0.4090909090909091,3,0.6276455026455027,0.3956043956043956,3,0.6319727891156462,0.4175824175824176,3,0.6405895691609977
racine-bajazet,Bajazet,Tragedy,True,0.4,4,0.0,0.5333333333333333,3,0.5,0.42857142857142855,3,0.35714285714285715,0.47619047619047616,3,0.5095238095238095,0.5238095238095238,2,0.6666666666666667
racine-berenice,Bérénice,Tragedy,True,0.5,3,0.0,0.3333333333333333,4,0.33333333333333337,0.42857142857142855,3,0.619047619047619,0.5238095238095238,2,0.6666666666666667,0.5238095238095238,2,0.6666666666666667
racine-britannicus,Britannicus,Tragedy,True,0.4,3,0.0,0.38095238095238093,4,0.38095238095238093,0.47619047619047616,3,0.42857142857142855,0.5238095238095238,3,0.6428571428571429,0.7142857142857143,2,0.8380952380952381
racine-iphigenie,Iphigénie,Tragedy,True,0.5,2,0.4333333333333333,0.3055555555555556,4,0.28148148148148144,0.5,4,0.6037037037037037,0.5,4,0.6037037037037037,0.5111111111111111,3,0.6971428571428572
racine-mithridate,Mithridate,Tragedy,True,0.7,2,0.7,0.6,2,0.5,0.7333333333333333,2,0.8222222222222223,0.5714285714285714,3,0.6666666666666667,0.7619047619047619,2,0.7238095238095238
racine-phedre-77,Phèdre et Hippolyte,Tragedy,False,0.5,3,0.4666666666666667,0.42857142857142855,4,0.5714285714285714,0.39285714285714285,4,0.6,0.42857142857142855,4,0.6333333333333333,0.5357142857142857,3,0.6625
racine-phedre,Phèdre (1697),Tragedy,False,0.5,3,0.4666666666666667,0.42857142857142855,4,0.5714285714285714,0.39285714285714285,4,0.6,0.42857142857142855,4,0.6333333333333333,0.5357142857142857,3,0.6625
racine-thebaide-64,La Thébaïde,Tragedy,True,0.6,2,0.6,0.5357142857142857,2,0.7684523809523809,0.5555555555555556,2,0.828042328042328,0.6666666666666666,2,0.8391534391534391,0.6944444444444444,2,0.8441798941798941
racine-thebaide,La Thébaïde,Tragedy,True,0.6,2,0.6,0.5357142857142857,2,0.7684523809523809,0.5555555555555556,2,0.828042328042328,0.6111111111111112,2,0.8169312169312168,0.6388888888888888,2,0.7854497354497354
dufresny-regnard-chinois,"Les Chinois, Comédie en Quatre Actes",Comedy,True,0.3333333333333333,3,0.3888888888888889,0.16666666666666666,3,0.47222222222222227,0.23076923076923078,3,0.5435897435897435,0.25274725274725274,3,0.6261904761904761,0.23529411764705882,3,0.665219421101774
regnard-democrite,Démocrite,Comedy,True,0.8666666666666667,2,0.9,0.4444444444444444,3,0.6716666666666666,0.4888888888888889,3,0.6516666666666666,0.5333333333333333,3,0.7038095238095238,0.7555555555555555,2,0.9043650793650795
regnard-distrait,"Le Distrait, Comédie",Comedy,True,0.8,2,0.8666666666666666,0.5357142857142857,3,0.7916666666666666,0.5111111111111111,3,0.6528571428571428,0.5555555555555556,3,0.6628571428571429,0.6444444444444445,2,0.775
regnard-joueur,Le Joueur,Comedy,True,0.5,3,0.3333333333333333,0.2564102564102564,5,0.3358974358974359,0.25833333333333336,4,0.48368055555555556,0.275,4,0.4579365079365079,0.3416666666666667,4,0.5180059523809524
regnard-legataire,"Le Légataire Universel, Comédie",Comedy,True,0.6666666666666666,2,0.8476190476190476,0.5555555555555556,2,0.8473809523809523,0.5777777777777777,2,0.8481746031746031,0.5,2,0.8393518518518519,0.5454545454545454,2,0.8355820105820105
regnard-menechmes,"Les Ménechmes, ou Les Jumeaux",Comedy,False,1.0,1,1.0,0.32142857142857145,3,0.7083333333333334,0.3888888888888889,2,0.8925925925925926,0.41818181818181815,2,0.8593073593073594,0.5,2,0.9642857142857143
regnard-sapor,"Sapor, Tragédie",Tragedy,True,0.6666666666666666,2,0.0,0.4,3,0.0,0.47619047619047616,3,0.6142857142857142,0.5238095238095238,3,0.6523809523809524,0.7142857142857143,2,0.8571428571428571
barquebois-rapiniere,La Rapinière,Comedy,True,0.3090909090909091,3,0.7151515151515151,0.4696969696969697,3,0.6876322751322751,0.44871794871794873,3,0.6917582417582419,0.44871794871794873,3,0.6917582417582419,0.44166666666666665,3,0.7733585858585859
ronsin-aretaphile,Arétaphile ou La Révolution de Cyrene,Tragedy,True,1.0,1,1.0,0.6,2,0.8666666666666666,0.5714285714285714,2,0.8666666666666666,0.6071428571428571,2,0.8125,0.6428571428571429,2,0.8333333333333334
rostand-cyrano,Cyrano de Bergerac,Comedy,True,0.5124378109452736,3,0.8612016478157033,0.29178800232964475,3,0.883318474057106,0.2651436483212184,3,0.8798398753239174,0.23085399449035812,3,0.870548903351918,0.21147356580427445,4,0.8682701300533389
rotrou-antigone,Antigone,Tragedy,True,0.2727272727272727,3,0.8787878787878788,0.44871794871794873,3,0.8626373626373626,0.4175824175824176,3,0.8257369614512472,0.40441176470588236,3,0.8014949103184398,0.39869281045751637,3,0.7984780651447319
rotrou-bague-de-l-oubli,La Bague de l'Oubli,Comedy,True,0.2857142857142857,4,0.0,0.36363636363636365,4,0.6198412698412699,0.48717948717948717,3,0.6804639804639805,0.42857142857142855,3,0.7036123136123137,0.5073529411764706,3,0.7643676584853055
rotrou-belisaire,Le Bélissaire,Tragedy,True,0.5833333333333334,3,0.7671957671957672,0.5777777777777777,3,0.7747619047619048,0.6,3,0.8,0.6222222222222222,3,0.880952380952381,0.6222222222222222,3,0.880952380952381
rotrou-belle-alphrede,La Belle Alphrède,Comedy,True,0.5333333333333333,3,0.5833333333333334,0.5,3,0.5777777777777778,0.39166666666666666,3,0.7783955627705628,0.39166666666666666,3,0.7783955627705628,0.3508771929824561,3,0.8207462472168355
rotrou-captifs,Les Captifs,Comedy,True,0.4,1,0.6,0.42857142857142855,3,0.6666666666666666,0.4444444444444444,2,0.6919047619047619,0.4666666666666667,2,0.6754761904761905,0.5054945054945055,2,0.8208660387231815
rotrou-cosroes,Cosroës,Tragedy,True,0.6,2,0.8666666666666666,0.5714285714285714,2,0.8666666666666666,0.4166666666666667,3,0.5814814814814815,0.4,3,0.6478354978354979,0.41818181818181815,3,0.6722943722943723
rotrou-crisante,Crisante,Tragedy,True,0.39285714285714285,3,0.7041666666666666,0.2909090909090909,2,0.8441558441558442,0.32727272727272727,4,0.722943722943723,0.38461538461538464,4,0.8125763125763126,0.4358974358974359,3,0.8527472527472527
rotrou-hercule-mourant,Hercule Mourant,Tragedy,True,1.0,1,1.0,0.4666666666666667,3,0.4444444444444444,0.3888888888888889,3,0.5888888888888889,0.37777777777777777,3,0.63,0.6444444444444445,3,0.8533333333333333
rotrou-l-heureuse-constance,L'Heureuse Constance,Comedy,True,1.0,1,1.0,0.4888888888888889,3,0.8152380952380952,0.5151515151515151,3,0.7998677248677248,0.4666666666666667,3,0.7174074074074074,0.638095238095238,3,0.8716239316239316
rotrou-la-celimene,La Célimène,Comedy,True,0.6666666666666666,2,0.5833333333333334,0.4642857142857143,4,0.5833333333333334,0.5714285714285714,3,0.7875,0.5277777777777778,3,0.6862433862433863,0.5636363636363636,3,0.7640692640692641
rotrou-la-diane,La Diane,Comedy,True,0.3333333333333333,3,0.3888888888888889,0.2857142857142857,4,0.375,0.23636363636363636,6,0.4121212121212121,0.2909090909090909,5,0.4424242424242424,0.7948717948717948,2,0.931934731934732
rotrou-le-filandre,Le Filandre,Comedy,True,0.6666666666666666,2,0.5833333333333334,0.5333333333333333,3,0.5833333333333334,0.8,2,0.8444444444444444,0.9333333333333333,2,0.9333333333333332,0.6111111111111112,3,0.8560846560846561
rotrou-saint-genest,Le Véritable Saint Genest,Tragedy,True,0.8,2,0.8444444444444444,0.2878787878787879,3,0.41111111111111115,0.25274725274725274,5,0.45476190476190476,0.3523809523809524,4,0.6387617673331959,0.3904761904761905,4,0.6726264476264476
rotrou-sosies,Les Sosies,Comedy,False,0.3333333333333333,1,0.0,0.5333333333333333,3,0.5,0.7333333333333333,2,0.8388888888888889,0.6666666666666666,2,0.8306878306878307,0.7555555555555555,2,0.8769841269841269
saint-aignan-martyre-marie-antoinette,Le Martyre de Marie-Antoinette d'Autriche Reine de France.,Tragedy,True,0.48484848484848486,3,0.7660714285714286,0.30409356725146197,4,0.7765436318067898,0.30666666666666664,3,0.6854716394716395,0.21935483870967742,4,0.6180038178140644,0.1564102564102564,4,0.6917929883583909
sand-moliere,Molière,Comedy,True,1.0,1,1.0,0.5818181818181818,2,0.7782106782106782,0.5303030303030303,2,0.7936387686387687,0.5303030303030303,2,0.7936387686387687,0.31216931216931215,3,0.8861108178449245
saurin-amenophis,Aménophis,Tragedy,True,0.3333333333333333,3,0.0,0.3333333333333333,3,0.3095238095238095,0.5238095238095238,3,0.5952380952380952,0.4444444444444444,3,0.6497354497354497,0.5,3,0.652910052910053
saurin-blanche-et-guiscard,Blanche et Guiscard,Tragedy,True,0.5,3,0.0,0.3333333333333333,4,0.0,0.4,4,0.27777777777777773,0.6666666666666666,3,0.6666666666666666,0.6666666666666666,3,0.6666666666666666
saurin-spartacus,Spartacus,Tragedy,False,0.6,2,0.6,0.42857142857142855,3,0.6142857142857142,0.35714285714285715,3,0.525,0.3055555555555556,3,0.46031746031746024,0.3888888888888889,3,0.7058201058201058
scarron-dom-japhet-d-armenie,Don Japhet d'Arménie,Comedy,True,0.5555555555555556,4,0.6962962962962963,0.8181818181818182,2,0.9191919191919191,0.7142857142857143,2,0.8828874828874829,0.6333333333333333,2,0.8221209346209346,0.5555555555555556,3,0.8052683427683428
scarron-fausse-apparence,La Fausse Apparence,Comedy,True,0.8333333333333334,2,0.8333333333333333,0.5357142857142857,3,0.7541666666666667,0.6944444444444444,2,0.8029100529100529,0.8055555555555556,2,0.8955026455026456,0.8611111111111112,2,0.9404761904761904
scarron-gardien-de-soi-meme,Le Gardien de Soi-Même,Comedy,True,0.38181818181818183,4,0.7285714285714285,0.3626373626373626,3,0.7734126984126984,0.42857142857142855,3,0.7679705215419501,0.4725274725274725,3,0.8146567717996289,0.4583333333333333,4,0.7708017676767677
scarron-heritier-ridicule,L'Héritier Ridicule ou La Dame Intéressée.,Comedy,True,0.4666666666666667,3,0.38888888888888884,0.5,3,0.6541666666666667,0.5833333333333334,2,0.8171957671957671,0.75,2,0.8497354497354498,0.75,2,0.8497354497354498
scarron-jodelet-dueliste,Le Jodelet Duelliste.,Comedy,True,0.8333333333333334,2,0.8333333333333333,0.6785714285714286,3,0.825,0.6,2,0.8207142857142857,0.7111111111111111,2,0.8674603174603174,0.8,2,0.9178571428571429
scarron-jodelet,Le Jodelet ou Le Maître Valet.,Comedy,True,0.8333333333333334,2,0.8333333333333333,0.5714285714285714,3,0.6916666666666667,0.8214285714285714,2,0.8738095238095238,0.8214285714285714,2,0.8738095238095238,0.8928571428571429,2,0.9285714285714286
scarron-marquis-ridicule,Le Marquis Ridicule,Comedy,True,1.0,1,1.0,0.5555555555555556,3,0.8257142857142856,0.6888888888888889,2,0.8473015873015873,0.8666666666666667,2,0.9166666666666666,1.0,1,1.0
scarron-prince-corsaire,Le Prince Corsaire.,Comedy,True,0.6666666666666666,2,0.5833333333333334,0.8666666666666667,2,0.9,0.6071428571428571,3,0.8041666666666667,0.5555555555555556,3,0.8,0.5555555555555556,3,0.7711904761904762
scudery-arminius,Arminius ou Les Frères Ennemis,Tragedy,True,0.2,2,0.0,0.2777777777777778,5,0.42592592592592593,0.3888888888888889,3,0.337037037037037,0.5277777777777778,3,0.6259259259259259,0.8333333333333334,2,0.8915343915343915
scudery-fils-suppose,Le Fils Supposé,Comedy,True,0.21428571428571427,2,0.375,0.2857142857142857,2,0.5833333333333334,0.5357142857142857,2,0.8851190476190476,0.5555555555555556,3,0.8185185185185185,1.0,1,1.0
sedaine-le-philosophe-sans-le-savoir,Le Philosophe sans le Savoir,Comedy,True,0.6071428571428571,2,0.7511904761904762,0.6388888888888888,2,0.7603174603174603,0.5555555555555556,3,0.6904761904761905,0.6,3,0.7390476190476191,0.5757575757575758,3,0.7286375661375661
sommerive-bajazet,Bajazet,Tragedy,True,0.5,3,0.0,0.32142857142857145,3,0.35833333333333334,0.4166666666666667,3,0.5185185185185186,0.4722222222222222,3,0.5703703703703703,0.4,3,0.4961904761904762
soret-ceciliade,La Céciliade,Tragedy,True,1.0,1,1.0,1.0,1,1.0,0.8095238095238095,2,0.8857142857142858,0.7777777777777778,2,0.9047619047619047,0.7777777777777778,2,0.9047619047619047
seneque-agamemnon,Agamemnon,Tragedy,True,0.3333333333333333,1,0.0,0.2,2,0.0,0.2777777777777778,3,0.25555555555555554,0.2222222222222222,3,0.22999999999999998,0.2,3,0.19090909090909092
seneque-medee,Médée,Tragedy,True,0,0,0.0,0.3333333333333333,2,0.0,0.3,2,0.0,0.3,2,0.0,0.7333333333333333,2,0.7666666666666666
tanevot-adam-et-eve,Adam et Eve,Tragedy,True,0.3333333333333333,1,0.0,0.19047619047619047,3,0.0,0.23809523809523808,3,0.0,0.2857142857142857,5,0.0,0.25,5,0.16666666666666666
tristan-mort-de-chrispe,La Mort de Chrispe,Tragedy,True,0.6666666666666666,2,0.0,0.5,3,0.4666666666666667,0.5333333333333333,3,0.5833333333333334,0.5,4,0.5291666666666667,0.35555555555555557,4,0.38
tristan-mort-seneque,La Mort de Sénèque,Tragedy,True,0.6666666666666666,2,0.5833333333333334,0.4444444444444444,4,0.537037037037037,0.5111111111111111,2,0.7538095238095238,0.5333333333333333,2,0.7371428571428571,0.45454545454545453,3,0.7031746031746032
tristan-osman,Osman,Tragedy,True,0.8333333333333334,2,0.8333333333333333,0.8214285714285714,2,0.9404761904761905,0.6666666666666666,3,0.8042328042328042,0.6363636363636364,3,0.7746753246753247,0.6363636363636364,3,0.7746753246753247
tristan-parasite,Le Parasite,Comedy,True,0.7,2,0.7666666666666666,0.5714285714285714,3,0.7619047619047619,0.6666666666666666,2,0.8486772486772487,0.7111111111111111,2,0.8686507936507937,0.7777777777777778,2,0.9123015873015874
turnebe-contents,Les Contents,Comedy,True,0.6190476190476191,3,0.6523809523809524,0.41818181818181815,3,0.6056277056277056,0.3619047619047619,4,0.5656084656084656,0.38333333333333336,3,0.5623015873015873,0.4583333333333333,3,0.6109494671994672
vallee-fidele-esclave,Le Fidèle Esclave,Comedy,True,0.7,2,0.8,0.5357142857142857,3,0.7041666666666666,0.6428571428571429,2,0.8238095238095238,0.6428571428571429,2,0.8238095238095238,0.8928571428571429,2,0.9285714285714286
vallee-forte-romaine,La Forte Romaine,Tragedy,True,0.3333333333333333,1,0.0,0.3611111111111111,3,0.5,0.36363636363636365,3,0.5696969696969697,0.509090909090909,3,0.685064935064935,0.6363636363636364,3,0.716089466089466
haren-agon,"Agon, Sultan de Bantam",Tragedy,False,0.5,3,0.0,0.3333333333333333,4,0.3095238095238095,0.5714285714285714,3,0.6571428571428571,0.5,3,0.65,0.4444444444444444,3,0.5271428571428571
viau-pasiphae,La Tragédie de Pasiphaé,Tragedy,True,1.0,1,1.0,0.6,2,0.9,0.5142857142857142,3,0.9327272727272727,0.354978354978355,4,0.9302685950413223,0.33666666666666667,3,0.9001649578491684
viau-pyrame,Pyrame et Thisbé,Tragedy,True,0.2,1,0.0,0.17857142857142858,3,0.0,0.2222222222222222,4,0.35,0.16666666666666666,4,0.2916666666666667,0.16666666666666666,4,0.2916666666666667
dalibray-le-torrismon-du-tasse,Le Torrismon du Tasse,Tragedy,True,0.3333333333333333,1,0.0,0.23809523809523808,3,0.0,0.2222222222222222,4,0.15925925925925927,0.21212121212121213,3,0.6203703703703703,0.2878787878787879,3,0.5819444444444445
voltaire-adelaide,Adélaïde du Guesclin,Tragedy,True,0.6666666666666666,2,0.5833333333333334,0.7,2,0.7,0.5333333333333333,3,0.5,0.5333333333333333,3,0.5,0.42857142857142855,3,0.35714285714285715
voltaire-agathocle,Agathocle,Tragedy,True,0.6666666666666666,2,0.5833333333333334,0.5714285714285714,3,0.7619047619047619,0.4444444444444444,3,0.728042328042328,0.5555555555555556,2,0.6661375661375661,0.6388888888888888,2,0.7822751322751322
voltaire-alzire,Alzire,Tragedy,True,0.4,2,0.27777777777777773,0.3055555555555556,3,0.37037037037037035,0.3787878787878788,3,0.7301587301587301,0.3787878787878788,3,0.7301587301587301,0.3787878787878788,3,0.7301587301587301
voltaire-brutus,Le Brutus,Tragedy,True,0.4,3,0.0,0.4666666666666667,3,0.38888888888888884,0.4642857142857143,4,0.48333333333333334,0.4166666666666667,3,0.5407407407407407,0.37777777777777777,3,0.5747619047619048
voltaire-cafe,L'Ecossaise,Comedy,True,0.6410256410256411,2,0.8511266511266512,0.6043956043956044,2,0.8735264735264735,0.5333333333333333,3,0.8111513486513486,0.5147058823529411,3,0.8158047834518423,0.5367647058823529,3,0.8312648136177547
voltaire-depositaire,Le Dépostaire,Comedy,True,0.9,2,0.9,0.8,2,0.7277777777777777,0.4909090909090909,3,0.7941558441558442,0.44761904761904764,3,0.8122422022422022,0.5619047619047619,3,0.8413730713730714
voltaire-droit-du-seigneur,Le Droit du Seigneur,Comedy,True,0.7333333333333333,2,0.7666666666666666,0.6428571428571429,3,0.7666666666666666,0.8,2,0.8628571428571428,0.7272727272727273,2,0.8608225108225107,0.8,2,0.8777777777777778
voltaire-enfant-prodigue,L'Enfant Prodigue,Comedy,True,0.7,2,0.7666666666666666,0.6190476190476191,2,0.7095238095238096,0.5277777777777778,3,0.5740740740740741,0.6388888888888888,2,0.7447089947089948,0.8055555555555556,2,0.9232804232804234
voltaire-fanatisme,Le Fanatisme,Tragedy,True,0.6666666666666666,2,0.5833333333333334,0.7333333333333333,2,0.8222222222222223,0.8,2,0.9,0.9333333333333333,2,0.9333333333333332,0.9333333333333333,2,0.9333333333333332
voltaire-guebres,Les Guèbres,Tragedy,True,0.6,2,0.9,0.5714285714285714,2,0.6761904761904762,0.7619047619047619,2,0.8523809523809524,0.75,2,0.8708333333333333,0.6944444444444444,2,0.8476190476190476
voltaire-irene,Irène,Tragedy,True,0.4,3,0.0,0.4,3,0.25,0.38095238095238093,3,0.3619047619047619,0.42857142857142855,2,0.5285714285714286,0.42857142857142855,2,0.5285714285714286
voltaire-lois-de-minos,Les Lois de Minos ou Astérie,Tragedy,True,0.8666666666666667,2,0.9,0.6666666666666666,3,0.7142857142857143,0.5,3,0.8481481481481482,0.5111111111111111,3,0.8552380952380952,0.6,3,0.8638095238095238
voltaire-mariamne,Mariamne,Tragedy,True,0.4,3,0.0,0.42857142857142855,3,0.4714285714285714,0.4166666666666667,3,0.5111111111111111,0.4222222222222222,3,0.5314285714285714,0.4444444444444444,3,0.4961904761904762
voltaire-merope,Mérope,Tragedy,True,0.5,3,0.4666666666666667,0.6,2,0.9,0.6666666666666666,2,0.8428571428571429,0.7142857142857143,2,0.8380952380952381,0.7142857142857143,2,0.8380952380952381
voltaire-oedipe-v,Oedipe,Tragedy,True,0.3333333333333333,2,0.3888888888888889,0.5,3,0.5375,0.6071428571428571,3,0.6958333333333333,0.5555555555555556,3,0.8,0.5111111111111111,2,0.806031746031746
voltaire-olympie,Olympie,Tragedy,True,0.4,3,0.0,0.25,5,0.16666666666666666,0.3611111111111111,4,0.32962962962962966,0.4166666666666667,3,0.48888888888888893,0.4230769230769231,3,0.7112332112332113
voltaire-oreste,Oreste,Tragedy,True,0.6,3,0.5333333333333333,0.5238095238095238,2,0.8571428571428571,0.9523809523809523,2,0.9523809523809524,0.9523809523809523,2,0.9523809523809524,0.8928571428571429,2,0.9285714285714286
voltaire-orphelin-de-la-chine,L'Orphelin de la Chine,Tragedy,True,0.4,2,0.4666666666666667,0.42857142857142855,3,0.619047619047619,0.5238095238095238,3,0.6285714285714287,0.5238095238095238,3,0.6285714285714287,0.5238095238095238,3,0.6285714285714287
voltaire-pelopides,Les Pélopides ou Atrée et Thyeste,Tragedy,True,0.6666666666666666,2,0.5833333333333334,0.9,2,0.9,0.5714285714285714,3,0.6095238095238095,0.6190476190476191,3,0.6523809523809524,0.9523809523809523,2,0.9523809523809524
voltaire-rome-sauvee,Rome Sauvée,Tragedy,True,0.4,3,0.3611111111111111,0.32727272727272727,3,0.6292929292929293,0.41818181818181815,3,0.6207070707070707,0.5047619047619047,3,0.8506267806267807,0.4338235294117647,3,0.8346970023440612
voltaire-scythes,Les Scythes,Tragedy,True,1.0,1,1.0,0.5714285714285714,3,0.6666666666666666,0.6071428571428571,3,0.6791666666666667,0.6785714285714286,3,0.725,0.7777777777777778,2,0.8306878306878307
voltaire-semiramis,Sémiramis,Tragedy,True,0.7333333333333333,2,0.8222222222222223,0.5,3,0.6708333333333334,0.6388888888888888,2,0.758994708994709,0.6388888888888888,2,0.758994708994709,0.7333333333333333,2,0.8047619047619048
voltaire-sophonisbe,Sophonisbe,Tragedy,True,0.5,2,0.0,0.4,3,0.25,0.38095238095238093,3,0.3619047619047619,0.32142857142857145,3,0.30833333333333335,0.4642857142857143,3,0.5791666666666667
voltaire-tancrede,Tancrède,Tragedy,True,0.6,3,0.611111111111111,0.7333333333333333,2,0.8222222222222223,0.5357142857142857,3,0.6458333333333334,0.6071428571428571,3,0.7208333333333333,0.7142857142857143,2,0.8797619047619047
voltaire-tanis-zelide,Tanis et Zélide,Tragedy,True,0.5357142857142857,2,0.718452380952381,0.3076923076923077,3,0.5446712018140589,0.3333333333333333,3,0.6317460317460317,0.3014705882352941,3,0.6473389355742297,0.2875816993464052,3,0.6564238230904897
voltaire-zaire,Zaïre,Tragedy,True,0.7,2,0.8,0.7619047619047619,2,0.7428571428571429,0.7619047619047619,2,0.7428571428571429,0.6071428571428571,3,0.6083333333333334,0.5833333333333334,3,0.7132275132275132
voltaire-zulime,Zulime,Tragedy,True,0.8,2,0.8666666666666666,0.6,2,0.6777777777777777,0.6666666666666666,2,0.8055555555555555,0.5714285714285714,2,0.7952380952380952,0.6666666666666666,2,0.819047619047619
thibouville-thelamire,Thélamire,Tragedy,True,0.6666666666666666,2,0.0,0.4,4,0.0,0.5,3,0.3333333333333333,0.4666666666666667,3,0.38888888888888884,0.38095238095238093,3,0.2857142857142857
aure-dipne,"Dipné, Infante D'Irlande. Tragédie",Tragedy,True,1.0,1,1.0,0.5833333333333334,2,0.9404761904761904,0.3974358974358974,3,0.855982905982906,0.41904761904761906,4,0.7922222222222222,0.4857142857142857,3,0.7199470899470899
aure-genevieve-69,Geneviève ou L'Innocence Reconnue Tragédie Chrétienne,Tragedy,False,0.6,2,0.8666666666666666,0.35714285714285715,4,0.75,0.4642857142857143,3,0.6666666666666666,0.5714285714285714,2,0.8202380952380952,0.6111111111111112,2,0.717989417989418
aure-genevieve-70,Geneviève ou L'Innocence Reconnue Tragédie,Tragedy,True,0.7,2,0.7,0.32142857142857145,2,0.4375,0.3611111111111111,2,0.5777777777777778,0.3333333333333333,2,0.5773809523809524,0.7272727272727273,3,0.8430555555555556
